Ticker,GICS Sector Name,GICS Industry Name,GICS Industry Group Name,GICS Sub-Industry Name,GICS Sub-Industry,GICS Sector,GICS Industry,GICS Industry Group
A UN Equity,Health Care,Life Sciences Tools & Services,"Pharmaceuticals, Biotechnology",Life Sciences Tools & Services,35203010,35,352030,3520
AAL UW Equity,Industrials,Passenger Airlines,Transportation,Passenger Airlines,20302010,20,203020,2030
AAP UN Equity,Consumer Discretionary,Specialty Retail,Consumer Discretionary Distrib,Automotive Retail,25504050,25,255040,2550
AAPL UW Equity,Information Technology,"Technology Hardware, Storage &",Technology Hardware & Equipmen,"Technology Hardware, Storage &",45202030,45,452020,4520
ABBV UN Equity,Health Care,Biotechnology,"Pharmaceuticals, Biotechnology",Biotechnology,35201010,35,352010,3520
ABC UN Equity,Health Care,Health Care Providers & Servic,Health Care Equipment & Servic,Health Care Distributors,35102010,35,351020,3510
ABT UN Equity,Health Care,Health Care Equipment & Suppli,Health Care Equipment & Servic,Health Care Equipment,35101010,35,351010,3510
ACGL UW Equity,Financials,Insurance,Insurance,Property & Casualty Insurance,40301040,40,403010,4030
ACN UN Equity,Information Technology,IT Services,Software & Services,IT Consulting & Other Services,45102010,45,451020,4510
ADBE UW Equity,Information Technology,Software,Software & Services,Application Software,45103010,45,451030,4510
ADI UW Equity,Information Technology,Semiconductors & Semiconductor,Semiconductors & Semiconductor,Semiconductors,45301020,45,453010,4530
ADM UN Equity,Consumer Staples,Food Products,"Food, Beverage & Tobacco",Agricultural Products & Servic,30202010,30,302020,3020
ADP UW Equity,Industrials,Professional Services,Commercial & Professional Serv,Human Resource & Employment Se,20202010,20,202020,2020
ADSK UW Equity,Information Technology,Software,Software & Services,Application Software,45103010,45,451030,4510
AEE UN Equity,Utilities,Multi-Utilities,Utilities,Multi-Utilities,55103010,55,551030,5510
AEP UW Equity,Utilities,Electric Utilities,Utilities,Electric Utilities,55101010,55,551010,5510
AES UN Equity,Utilities,Independent Power and Renewabl,Utilities,Independent Power Producers &,55105010,55,551050,5510
AFL UN Equity,Financials,Insurance,Insurance,Life & Health Insurance,40301020,40,403010,4030
AIG UN Equity,Financials,Insurance,Insurance,Multi-line Insurance,40301030,40,403010,4030
AIZ UN Equity,Financials,Insurance,Insurance,Multi-line Insurance,40301030,40,403010,4030
AJG UN Equity,Financials,Insurance,Insurance,Insurance Brokers,40301010,40,403010,4030
AKAM UW Equity,Information Technology,IT Services,Software & Services,Internet Services & Infrastruc,45102030,45,451020,4510
ALB UN Equity,Materials,Chemicals,Materials,Specialty Chemicals,15101050,15,151010,1510
ALGN UW Equity,Health Care,Health Care Equipment & Suppli,Health Care Equipment & Servic,Health Care Supplies,35101020,35,351010,3510
ALK UN Equity,Industrials,Passenger Airlines,Transportation,Passenger Airlines,20302010,20,203020,2030
ALL UN Equity,Financials,Insurance,Insurance,Property & Casualty Insurance,40301040,40,403010,4030
ALLE UN Equity,Industrials,Building Products,Capital Goods,Building Products,20102010,20,201020,2010
AMAT UW Equity,Information Technology,Semiconductors & Semiconductor,Semiconductors & Semiconductor,Semiconductor Materials & Equi,45301010,45,453010,4530
AMCR UN Equity,Materials,Containers & Packaging,Materials,Paper & Plastic Packaging Prod,15103020,15,151030,1510
AMD UW Equity,Information Technology,Semiconductors & Semiconductor,Semiconductors & Semiconductor,Semiconductors,45301020,45,453010,4530
AME UN Equity,Industrials,Electrical Equipment,Capital Goods,Electrical Components & Equipm,20104010,20,201040,2010
AMGN UW Equity,Health Care,Biotechnology,"Pharmaceuticals, Biotechnology",Biotechnology,35201010,35,352010,3520
AMP UN Equity,Financials,Capital Markets,Financial Services,Asset Management & Custody Ban,40203010,40,402030,4020
AMT UN Equity,Real Estate,Specialized REITs,Equity Real Estate Investment,Telecom Tower REITs,60108030,60,601080,6010
AMZN UW Equity,Consumer Discretionary,Broadline Retail,Consumer Discretionary Distrib,Broadline Retail,25503030,25,255030,2550
ANET UN Equity,Information Technology,Communications Equipment,Technology Hardware & Equipmen,Communications Equipment,45201020,45,452010,4520
ANSS UW Equity,Information Technology,Software,Software & Services,Application Software,45103010,45,451030,4510
AON UN Equity,Financials,Insurance,Insurance,Insurance Brokers,40301010,40,403010,4030
AOS UN Equity,Industrials,Building Products,Capital Goods,Building Products,20102010,20,201020,2010
APA UW Equity,Energy,"Oil, Gas & Consumable Fuels",Energy,Oil & Gas Exploration & Produc,10102020,10,101020,1010
APD UN Equity,Materials,Chemicals,Materials,Industrial Gases,15101040,15,151010,1510
APH UN Equity,Information Technology,"Electronic Equipment, Instrume",Technology Hardware & Equipmen,Electronic Components,45203015,45,452030,4520
APTV UN Equity,Consumer Discretionary,Automobile Components,Automobiles & Components,Automotive Parts & Equipment,25101010,25,251010,2510
ARE UN Equity,Real Estate,Office REITs,Equity Real Estate Investment,Office REITs,60104010,60,601040,6010
ATO UN Equity,Utilities,Gas Utilities,Utilities,Gas Utilities,55102010,55,551020,5510
ATVI UW Equity,Communication Services,Entertainment,Media & Entertainment,Interactive Home Entertainment,50202020,50,502020,5020
AVB UN Equity,Real Estate,Residential REITs,Equity Real Estate Investment,Multi-Family Residential REITs,60106010,60,601060,6010
AVGO UW Equity,Information Technology,Semiconductors & Semiconductor,Semiconductors & Semiconductor,Semiconductors,45301020,45,453010,4530
AVY UN Equity,Materials,Containers & Packaging,Materials,Paper & Plastic Packaging Prod,15103020,15,151030,1510
AWK UN Equity,Utilities,Water Utilities,Utilities,Water Utilities,55104010,55,551040,5510
AXP UN Equity,Financials,Consumer Finance,Financial Services,Consumer Finance,40202010,40,402020,4020
AZO UN Equity,Consumer Discretionary,Specialty Retail,Consumer Discretionary Distrib,Automotive Retail,25504050,25,255040,2550
BA UN Equity,Industrials,Aerospace & Defense,Capital Goods,Aerospace & Defense,20101010,20,201010,2010
BAC UN Equity,Financials,Banks,Banks,Diversified Banks,40101010,40,401010,4010
BALL UN Equity,Materials,Containers & Packaging,Materials,"Metal, Glass & Plastic Contain",15103010,15,151030,1510
BAX UN Equity,Health Care,Health Care Equipment & Suppli,Health Care Equipment & Servic,Health Care Equipment,35101010,35,351010,3510
BBWI UN Equity,Consumer Discretionary,Specialty Retail,Consumer Discretionary Distrib,Other Specialty Retail,25504040,25,255040,2550
BBY UN Equity,Consumer Discretionary,Specialty Retail,Consumer Discretionary Distrib,Computer & Electronics Retail,25504020,25,255040,2550
BDX UN Equity,Health Care,Health Care Equipment & Suppli,Health Care Equipment & Servic,Health Care Equipment,35101010,35,351010,3510
BEN UN Equity,Financials,Capital Markets,Financial Services,Asset Management & Custody Ban,40203010,40,402030,4020
BF/B UN Equity,Consumer Staples,Beverages,"Food, Beverage & Tobacco",Distillers & Vintners,30201020,30,302010,3020
BG UN Equity,Consumer Staples,Food Products,"Food, Beverage & Tobacco",Agricultural Products & Servic,30202010,30,302020,3020
BIIB UW Equity,Health Care,Biotechnology,"Pharmaceuticals, Biotechnology",Biotechnology,35201010,35,352010,3520
BIO UN Equity,Health Care,Life Sciences Tools & Services,"Pharmaceuticals, Biotechnology",Life Sciences Tools & Services,35203010,35,352030,3520
BK UN Equity,Financials,Capital Markets,Financial Services,Asset Management & Custody Ban,40203010,40,402030,4020
BKNG UW Equity,Consumer Discretionary,"Hotels, Restaurants & Leisure",Consumer Services,"Hotels, Resorts & Cruise Lines",25301020,25,253010,2530
BKR UW Equity,Energy,Energy Equipment & Services,Energy,Oil & Gas Equipment & Services,10101020,10,101010,1010
BLK UN Equity,Financials,Capital Markets,Financial Services,Asset Management & Custody Ban,40203010,40,402030,4020
BMY UN Equity,Health Care,Pharmaceuticals,"Pharmaceuticals, Biotechnology",Pharmaceuticals,35202010,35,352020,3520
BR UN Equity,Industrials,Professional Services,Commercial & Professional Serv,Data Processing & Outsourced S,20202030,20,202020,2020
BRK/B UN Equity,Financials,Financial Services,Financial Services,Multi-Sector Holdings,40201030,40,402010,4020
BRO UN Equity,Financials,Insurance,Insurance,Insurance Brokers,40301010,40,403010,4030
BSX UN Equity,Health Care,Health Care Equipment & Suppli,Health Care Equipment & Servic,Health Care Equipment,35101010,35,351010,3510
BWA UN Equity,Consumer Discretionary,Automobile Components,Automobiles & Components,Automotive Parts & Equipment,25101010,25,251010,2510
BXP UN Equity,Real Estate,Office REITs,Equity Real Estate Investment,Office REITs,60104010,60,601040,6010
C UN Equity,Financials,Banks,Banks,Diversified Banks,40101010,40,401010,4010
CAG UN Equity,Consumer Staples,Food Products,"Food, Beverage & Tobacco",Packaged Foods & Meats,30202030,30,302020,3020
CAH UN Equity,Health Care,Health Care Providers & Servic,Health Care Equipment & Servic,Health Care Distributors,35102010,35,351020,3510
CARR UN Equity,Industrials,Building Products,Capital Goods,Building Products,20102010,20,201020,2010
CAT UN Equity,Industrials,Machinery,Capital Goods,Construction Machinery & Heavy,20106010,20,201060,2010
CB UN Equity,Financials,Insurance,Insurance,Property & Casualty Insurance,40301040,40,403010,4030
CBOE UF Equity,Financials,Capital Markets,Financial Services,Financial Exchanges & Data,40203040,40,402030,4020
CBRE UN Equity,Real Estate,Real Estate Management & Devel,Real Estate Management & Devel,Real Estate Services,60201040,60,602010,6020
CCI UN Equity,Real Estate,Specialized REITs,Equity Real Estate Investment,Telecom Tower REITs,60108030,60,601080,6010
CCL UN Equity,Consumer Discretionary,"Hotels, Restaurants & Leisure",Consumer Services,"Hotels, Resorts & Cruise Lines",25301020,25,253010,2530
CDAY UN Equity,Industrials,Professional Services,Commercial & Professional Serv,Human Resource & Employment Se,20202010,20,202020,2020
CDNS UW Equity,Information Technology,Software,Software & Services,Application Software,45103010,45,451030,4510
CDW UW Equity,Information Technology,"Electronic Equipment, Instrume",Technology Hardware & Equipmen,Technology Distributors,45203030,45,452030,4520
CE UN Equity,Materials,Chemicals,Materials,Specialty Chemicals,15101050,15,151010,1510
CEG UW Equity,Utilities,Electric Utilities,Utilities,Electric Utilities,55101010,55,551010,5510
CF UN Equity,Materials,Chemicals,Materials,Fertilizers & Agricultural Che,15101030,15,151010,1510
CFG UN Equity,Financials,Banks,Banks,Regional Banks,40101015,40,401010,4010
CHD UN Equity,Consumer Staples,Household Products,Household & Personal Products,Household Products,30301010,30,303010,3030
CHRW UW Equity,Industrials,Air Freight & Logistics,Transportation,Air Freight & Logistics,20301010,20,203010,2030
CHTR UW Equity,Communication Services,Media,Media & Entertainment,Cable & Satellite,50201030,50,502010,5020
CI UN Equity,Health Care,Health Care Providers & Servic,Health Care Equipment & Servic,Health Care Services,35102015,35,351020,3510
CINF UW Equity,Financials,Insurance,Insurance,Property & Casualty Insurance,40301040,40,403010,4030
CL UN Equity,Consumer Staples,Household Products,Household & Personal Products,Household Products,30301010,30,303010,3030
CLX UN Equity,Consumer Staples,Household Products,Household & Personal Products,Household Products,30301010,30,303010,3030
CMA UN Equity,Financials,Banks,Banks,Diversified Banks,40101010,40,401010,4010
CMCSA UW Equity,Communication Services,Media,Media & Entertainment,Cable & Satellite,50201030,50,502010,5020
CME UW Equity,Financials,Capital Markets,Financial Services,Financial Exchanges & Data,40203040,40,402030,4020
CMG UN Equity,Consumer Discretionary,"Hotels, Restaurants & Leisure",Consumer Services,Restaurants,25301040,25,253010,2530
CMI UN Equity,Industrials,Machinery,Capital Goods,Construction Machinery & Heavy,20106010,20,201060,2010
CMS UN Equity,Utilities,Multi-Utilities,Utilities,Multi-Utilities,55103010,55,551030,5510
CNC UN Equity,Health Care,Health Care Providers & Servic,Health Care Equipment & Servic,Managed Health Care,35102030,35,351020,3510
CNP UN Equity,Utilities,Multi-Utilities,Utilities,Multi-Utilities,55103010,55,551030,5510
COF UN Equity,Financials,Consumer Finance,Financial Services,Consumer Finance,40202010,40,402020,4020
COO UN Equity,Health Care,Health Care Equipment & Suppli,Health Care Equipment & Servic,Health Care Supplies,35101020,35,351010,3510
COP UN Equity,Energy,"Oil, Gas & Consumable Fuels",Energy,Oil & Gas Exploration & Produc,10102020,10,101020,1010
COST UW Equity,Consumer Staples,Consumer Staples Distribution,Consumer Staples Distribution,Consumer Staples Merchandise R,30101040,30,301010,3010
CPB UN Equity,Consumer Staples,Food Products,"Food, Beverage & Tobacco",Packaged Foods & Meats,30202030,30,302020,3020
CPRT UW Equity,Industrials,Commercial Services & Supplies,Commercial & Professional Serv,Diversified Support Services,20201070,20,202010,2020
CPT UN Equity,Real Estate,Residential REITs,Equity Real Estate Investment,Multi-Family Residential REITs,60106010,60,601060,6010
CRL UN Equity,Health Care,Life Sciences Tools & Services,"Pharmaceuticals, Biotechnology",Life Sciences Tools & Services,35203010,35,352030,3520
CRM UN Equity,Information Technology,Software,Software & Services,Application Software,45103010,45,451030,4510
CSCO UW Equity,Information Technology,Communications Equipment,Technology Hardware & Equipmen,Communications Equipment,45201020,45,452010,4520
CSGP UW Equity,Industrials,Professional Services,Commercial & Professional Serv,Research & Consulting Services,20202020,20,202020,2020
CSX UW Equity,Industrials,Ground Transportation,Transportation,Rail Transportation,20304010,20,203040,2030
CTAS UW Equity,Industrials,Commercial Services & Supplies,Commercial & Professional Serv,Diversified Support Services,20201070,20,202010,2020
CTLT UN Equity,Health Care,Pharmaceuticals,"Pharmaceuticals, Biotechnology",Pharmaceuticals,35202010,35,352020,3520
CTRA UN Equity,Energy,"Oil, Gas & Consumable Fuels",Energy,Oil & Gas Exploration & Produc,10102020,10,101020,1010
CTSH UW Equity,Information Technology,IT Services,Software & Services,IT Consulting & Other Services,45102010,45,451020,4510
CTVA UN Equity,Materials,Chemicals,Materials,Fertilizers & Agricultural Che,15101030,15,151010,1510
CVS UN Equity,Health Care,Health Care Providers & Servic,Health Care Equipment & Servic,Health Care Services,35102015,35,351020,3510
CVX UN Equity,Energy,"Oil, Gas & Consumable Fuels",Energy,Integrated Oil & Gas,10102010,10,101020,1010
CZR UW Equity,Consumer Discretionary,"Hotels, Restaurants & Leisure",Consumer Services,Casinos & Gaming,25301010,25,253010,2530
D UN Equity,Utilities,Multi-Utilities,Utilities,Multi-Utilities,55103010,55,551030,5510
DAL UN Equity,Industrials,Passenger Airlines,Transportation,Passenger Airlines,20302010,20,203020,2030
DD UN Equity,Materials,Chemicals,Materials,Specialty Chemicals,15101050,15,151010,1510
DE UN Equity,Industrials,Machinery,Capital Goods,Agricultural & Farm Machinery,20106015,20,201060,2010
DFS UN Equity,Financials,Consumer Finance,Financial Services,Consumer Finance,40202010,40,402020,4020
DG UN Equity,Consumer Staples,Consumer Staples Distribution,Consumer Staples Distribution,Consumer Staples Merchandise R,30101040,30,301010,3010
DGX UN Equity,Health Care,Health Care Providers & Servic,Health Care Equipment & Servic,Health Care Services,35102015,35,351020,3510
DHI UN Equity,Consumer Discretionary,Household Durables,Consumer Durables & Apparel,Homebuilding,25201030,25,252010,2520
DHR UN Equity,Health Care,Life Sciences Tools & Services,"Pharmaceuticals, Biotechnology",Life Sciences Tools & Services,35203010,35,352030,3520
DIS UN Equity,Communication Services,Entertainment,Media & Entertainment,Movies & Entertainment,50202010,50,502020,5020
DISH UW Equity,Communication Services,Media,Media & Entertainment,Cable & Satellite,50201030,50,502010,5020
DLR UN Equity,Real Estate,Specialized REITs,Equity Real Estate Investment,Data Center REITs,60108050,60,601080,6010
DLTR UW Equity,Consumer Staples,Consumer Staples Distribution,Consumer Staples Distribution,Consumer Staples Merchandise R,30101040,30,301010,3010
DOV UN Equity,Industrials,Machinery,Capital Goods,Industrial Machinery & Supplie,20106020,20,201060,2010
DOW UN Equity,Materials,Chemicals,Materials,Commodity Chemicals,15101010,15,151010,1510
DPZ UN Equity,Consumer Discretionary,"Hotels, Restaurants & Leisure",Consumer Services,Restaurants,25301040,25,253010,2530
DRI UN Equity,Consumer Discretionary,"Hotels, Restaurants & Leisure",Consumer Services,Restaurants,25301040,25,253010,2530
DTE UN Equity,Utilities,Multi-Utilities,Utilities,Multi-Utilities,55103010,55,551030,5510
DUK UN Equity,Utilities,Electric Utilities,Utilities,Electric Utilities,55101010,55,551010,5510
DVA UN Equity,Health Care,Health Care Providers & Servic,Health Care Equipment & Servic,Health Care Services,35102015,35,351020,3510
DVN UN Equity,Energy,"Oil, Gas & Consumable Fuels",Energy,Oil & Gas Exploration & Produc,10102020,10,101020,1010
DXC UN Equity,Information Technology,IT Services,Software & Services,IT Consulting & Other Services,45102010,45,451020,4510
DXCM UW Equity,Health Care,Health Care Equipment & Suppli,Health Care Equipment & Servic,Health Care Equipment,35101010,35,351010,3510
EA UW Equity,Communication Services,Entertainment,Media & Entertainment,Interactive Home Entertainment,50202020,50,502020,5020
EBAY UW Equity,Consumer Discretionary,Broadline Retail,Consumer Discretionary Distrib,Broadline Retail,25503030,25,255030,2550
ECL UN Equity,Materials,Chemicals,Materials,Specialty Chemicals,15101050,15,151010,1510
ED UN Equity,Utilities,Multi-Utilities,Utilities,Multi-Utilities,55103010,55,551030,5510
EFX UN Equity,Industrials,Professional Services,Commercial & Professional Serv,Research & Consulting Services,20202020,20,202020,2020
EIX UN Equity,Utilities,Electric Utilities,Utilities,Electric Utilities,55101010,55,551010,5510
EL UN Equity,Consumer Staples,Personal Care Products,Household & Personal Products,Personal Care Products,30302010,30,303020,3030
ELV UN Equity,Health Care,Health Care Providers & Servic,Health Care Equipment & Servic,Managed Health Care,35102030,35,351020,3510
EMN UN Equity,Materials,Chemicals,Materials,Specialty Chemicals,15101050,15,151010,1510
EMR UN Equity,Industrials,Electrical Equipment,Capital Goods,Electrical Components & Equipm,20104010,20,201040,2010
ENPH UQ Equity,Information Technology,Semiconductors & Semiconductor,Semiconductors & Semiconductor,Semiconductor Materials & Equi,45301010,45,453010,4530
EOG UN Equity,Energy,"Oil, Gas & Consumable Fuels",Energy,Oil & Gas Exploration & Produc,10102020,10,101020,1010
EPAM UN Equity,Information Technology,IT Services,Software & Services,IT Consulting & Other Services,45102010,45,451020,4510
EQIX UW Equity,Real Estate,Specialized REITs,Equity Real Estate Investment,Data Center REITs,60108050,60,601080,6010
EQR UN Equity,Real Estate,Residential REITs,Equity Real Estate Investment,Multi-Family Residential REITs,60106010,60,601060,6010
EQT UN Equity,Energy,"Oil, Gas & Consumable Fuels",Energy,Oil & Gas Exploration & Produc,10102020,10,101020,1010
ES UN Equity,Utilities,Electric Utilities,Utilities,Electric Utilities,55101010,55,551010,5510
ESS UN Equity,Real Estate,Residential REITs,Equity Real Estate Investment,Multi-Family Residential REITs,60106010,60,601060,6010
ETN UN Equity,Industrials,Electrical Equipment,Capital Goods,Electrical Components & Equipm,20104010,20,201040,2010
ETR UN Equity,Utilities,Electric Utilities,Utilities,Electric Utilities,55101010,55,551010,5510
ETSY UW Equity,Consumer Discretionary,Broadline Retail,Consumer Discretionary Distrib,Broadline Retail,25503030,25,255030,2550
EVRG UW Equity,Utilities,Electric Utilities,Utilities,Electric Utilities,55101010,55,551010,5510
EW UN Equity,Health Care,Health Care Equipment & Suppli,Health Care Equipment & Servic,Health Care Equipment,35101010,35,351010,3510
EXC UW Equity,Utilities,Electric Utilities,Utilities,Electric Utilities,55101010,55,551010,5510
EXPD UW Equity,Industrials,Air Freight & Logistics,Transportation,Air Freight & Logistics,20301010,20,203010,2030
EXPE UW Equity,Consumer Discretionary,"Hotels, Restaurants & Leisure",Consumer Services,"Hotels, Resorts & Cruise Lines",25301020,25,253010,2530
EXR UN Equity,Real Estate,Specialized REITs,Equity Real Estate Investment,Self-Storage REITs,60108020,60,601080,6010
F UN Equity,Consumer Discretionary,Automobiles,Automobiles & Components,Automobile Manufacturers,25102010,25,251020,2510
FANG UW Equity,Energy,"Oil, Gas & Consumable Fuels",Energy,Oil & Gas Exploration & Produc,10102020,10,101020,1010
FAST UW Equity,Industrials,Trading Companies & Distributo,Capital Goods,Trading Companies & Distributo,20107010,20,201070,2010
FCX UN Equity,Materials,Metals & Mining,Materials,Copper,15104025,15,151040,1510
FDS UN Equity,Financials,Capital Markets,Financial Services,Financial Exchanges & Data,40203040,40,402030,4020
FDX UN Equity,Industrials,Air Freight & Logistics,Transportation,Air Freight & Logistics,20301010,20,203010,2030
FE UN Equity,Utilities,Electric Utilities,Utilities,Electric Utilities,55101010,55,551010,5510
FFIV UW Equity,Information Technology,Communications Equipment,Technology Hardware & Equipmen,Communications Equipment,45201020,45,452010,4520
FICO UN Equity,Information Technology,Software,Software & Services,Application Software,45103010,45,451030,4510
FIS UN Equity,Financials,Financial Services,Financial Services,Transaction & Payment Processi,40201060,40,402010,4020
FISV UW Equity,Financials,Financial Services,Financial Services,Transaction & Payment Processi,40201060,40,402010,4020
FITB UW Equity,Financials,Banks,Banks,Diversified Banks,40101010,40,401010,4010
FLT UN Equity,Financials,Financial Services,Financial Services,Transaction & Payment Processi,40201060,40,402010,4020
FMC UN Equity,Materials,Chemicals,Materials,Fertilizers & Agricultural Che,15101030,15,151010,1510
FOX UW Equity,Communication Services,Media,Media & Entertainment,Broadcasting,50201020,50,502010,5020
FOXA UW Equity,Communication Services,Media,Media & Entertainment,Broadcasting,50201020,50,502010,5020
FRC UN Equity,Financials,Banks,Banks,Regional Banks,40101015,40,401010,4010
FRT UN Equity,Real Estate,Retail REITs,Equity Real Estate Investment,Retail REITs,60107010,60,601070,6010
FSLR UW Equity,Information Technology,Semiconductors & Semiconductor,Semiconductors & Semiconductor,Semiconductors,45301020,45,453010,4530
FTNT UW Equity,Information Technology,Software,Software & Services,Systems Software,45103020,45,451030,4510
FTV UN Equity,Industrials,Machinery,Capital Goods,Industrial Machinery & Supplie,20106020,20,201060,2010
GD UN Equity,Industrials,Aerospace & Defense,Capital Goods,Aerospace & Defense,20101010,20,201010,2010
GE UN Equity,Industrials,Industrial Conglomerates,Capital Goods,Industrial Conglomerates,20105010,20,201050,2010
GEHC UW Equity,Health Care,Health Care Equipment & Suppli,Health Care Equipment & Servic,Health Care Equipment,35101010,35,351010,3510
GEN UW Equity,Information Technology,Software,Software & Services,Systems Software,45103020,45,451030,4510
GILD UW Equity,Health Care,Biotechnology,"Pharmaceuticals, Biotechnology",Biotechnology,35201010,35,352010,3520
GIS UN Equity,Consumer Staples,Food Products,"Food, Beverage & Tobacco",Packaged Foods & Meats,30202030,30,302020,3020
GL UN Equity,Financials,Insurance,Insurance,Life & Health Insurance,40301020,40,403010,4030
GLW UN Equity,Information Technology,"Electronic Equipment, Instrume",Technology Hardware & Equipmen,Electronic Components,45203015,45,452030,4520
GM UN Equity,Consumer Discretionary,Automobiles,Automobiles & Components,Automobile Manufacturers,25102010,25,251020,2510
GNRC UN Equity,Industrials,Electrical Equipment,Capital Goods,Electrical Components & Equipm,20104010,20,201040,2010
GOOG UW Equity,Communication Services,Interactive Media & Services,Media & Entertainment,Interactive Media & Services,50203010,50,502030,5020
GOOGL UW Equity,Communication Services,Interactive Media & Services,Media & Entertainment,Interactive Media & Services,50203010,50,502030,5020
GPC UN Equity,Consumer Discretionary,Distributors,Consumer Discretionary Distrib,Distributors,25501010,25,255010,2550
GPN UN Equity,Financials,Financial Services,Financial Services,Transaction & Payment Processi,40201060,40,402010,4020
GRMN UN Equity,Consumer Discretionary,Household Durables,Consumer Durables & Apparel,Consumer Electronics,25201010,25,252010,2520
GS UN Equity,Financials,Capital Markets,Financial Services,Investment Banking & Brokerage,40203020,40,402030,4020
GWW UN Equity,Industrials,Trading Companies & Distributo,Capital Goods,Trading Companies & Distributo,20107010,20,201070,2010
HAL UN Equity,Energy,Energy Equipment & Services,Energy,Oil & Gas Equipment & Services,10101020,10,101010,1010
HAS UW Equity,Consumer Discretionary,Leisure Products,Consumer Durables & Apparel,Leisure Products,25202010,25,252020,2520
HBAN UW Equity,Financials,Banks,Banks,Regional Banks,40101015,40,401010,4010
HCA UN Equity,Health Care,Health Care Providers & Servic,Health Care Equipment & Servic,Health Care Facilities,35102020,35,351020,3510
HD UN Equity,Consumer Discretionary,Specialty Retail,Consumer Discretionary Distrib,Home Improvement Retail,25504030,25,255040,2550
HES UN Equity,Energy,"Oil, Gas & Consumable Fuels",Energy,Oil & Gas Exploration & Produc,10102020,10,101020,1010
HIG UN Equity,Financials,Insurance,Insurance,Multi-line Insurance,40301030,40,403010,4030
HII UN Equity,Industrials,Aerospace & Defense,Capital Goods,Aerospace & Defense,20101010,20,201010,2010
HLT UN Equity,Consumer Discretionary,"Hotels, Restaurants & Leisure",Consumer Services,"Hotels, Resorts & Cruise Lines",25301020,25,253010,2530
HOLX UW Equity,Health Care,Health Care Equipment & Suppli,Health Care Equipment & Servic,Health Care Equipment,35101010,35,351010,3510
HON UW Equity,Industrials,Industrial Conglomerates,Capital Goods,Industrial Conglomerates,20105010,20,201050,2010
HPE UN Equity,Information Technology,"Technology Hardware, Storage &",Technology Hardware & Equipmen,"Technology Hardware, Storage &",45202030,45,452020,4520
HPQ UN Equity,Information Technology,"Technology Hardware, Storage &",Technology Hardware & Equipmen,"Technology Hardware, Storage &",45202030,45,452020,4520
HRL UN Equity,Consumer Staples,Food Products,"Food, Beverage & Tobacco",Packaged Foods & Meats,30202030,30,302020,3020
HSIC UW Equity,Health Care,Health Care Providers & Servic,Health Care Equipment & Servic,Health Care Distributors,35102010,35,351020,3510
HST UW Equity,Real Estate,Hotel & Resort REITs,Equity Real Estate Investment,Hotel & Resort REITs,60103010,60,601030,6010
HSY UN Equity,Consumer Staples,Food Products,"Food, Beverage & Tobacco",Packaged Foods & Meats,30202030,30,302020,3020
HUM UN Equity,Health Care,Health Care Providers & Servic,Health Care Equipment & Servic,Managed Health Care,35102030,35,351020,3510
HWM UN Equity,Industrials,Aerospace & Defense,Capital Goods,Aerospace & Defense,20101010,20,201010,2010
IBM UN Equity,Information Technology,IT Services,Software & Services,IT Consulting & Other Services,45102010,45,451020,4510
ICE UN Equity,Financials,Capital Markets,Financial Services,Financial Exchanges & Data,40203040,40,402030,4020
IDXX UW Equity,Health Care,Health Care Equipment & Suppli,Health Care Equipment & Servic,Health Care Equipment,35101010,35,351010,3510
IEX UN Equity,Industrials,Machinery,Capital Goods,Industrial Machinery & Supplie,20106020,20,201060,2010
IFF UN Equity,Materials,Chemicals,Materials,Specialty Chemicals,15101050,15,151010,1510
ILMN UW Equity,Health Care,Life Sciences Tools & Services,"Pharmaceuticals, Biotechnology",Life Sciences Tools & Services,35203010,35,352030,3520
INCY UW Equity,Health Care,Biotechnology,"Pharmaceuticals, Biotechnology",Biotechnology,35201010,35,352010,3520
INTC UW Equity,Information Technology,Semiconductors & Semiconductor,Semiconductors & Semiconductor,Semiconductors,45301020,45,453010,4530
INTU UW Equity,Information Technology,Software,Software & Services,Application Software,45103010,45,451030,4510
INVH UN Equity,Real Estate,Residential REITs,Equity Real Estate Investment,Single-Family Residential REIT,60106020,60,601060,6010
IP UN Equity,Materials,Containers & Packaging,Materials,Paper & Plastic Packaging Prod,15103020,15,151030,1510
IPG UN Equity,Communication Services,Media,Media & Entertainment,Advertising,50201010,50,502010,5020
IQV UN Equity,Health Care,Life Sciences Tools & Services,"Pharmaceuticals, Biotechnology",Life Sciences Tools & Services,35203010,35,352030,3520
IR UN Equity,Industrials,Machinery,Capital Goods,Industrial Machinery & Supplie,20106020,20,201060,2010
IRM UN Equity,Real Estate,Specialized REITs,Equity Real Estate Investment,Other Specialized REITs,60108010,60,601080,6010
ISRG UW Equity,Health Care,Health Care Equipment & Suppli,Health Care Equipment & Servic,Health Care Equipment,35101010,35,351010,3510
IT UN Equity,Information Technology,IT Services,Software & Services,IT Consulting & Other Services,45102010,45,451020,4510
ITW UN Equity,Industrials,Machinery,Capital Goods,Industrial Machinery & Supplie,20106020,20,201060,2010
IVZ UN Equity,Financials,Capital Markets,Financial Services,Asset Management & Custody Ban,40203010,40,402030,4020
J UN Equity,Industrials,Professional Services,Commercial & Professional Serv,Research & Consulting Services,20202020,20,202020,2020
JBHT UW Equity,Industrials,Ground Transportation,Transportation,Cargo Ground Transportation,20304030,20,203040,2030
JCI UN Equity,Industrials,Building Products,Capital Goods,Building Products,20102010,20,201020,2010
JKHY UW Equity,Financials,Financial Services,Financial Services,Transaction & Payment Processi,40201060,40,402010,4020
JNJ UN Equity,Health Care,Pharmaceuticals,"Pharmaceuticals, Biotechnology",Pharmaceuticals,35202010,35,352020,3520
JNPR UN Equity,Information Technology,Communications Equipment,Technology Hardware & Equipmen,Communications Equipment,45201020,45,452010,4520
JPM UN Equity,Financials,Banks,Banks,Diversified Banks,40101010,40,401010,4010
K UN Equity,Consumer Staples,Food Products,"Food, Beverage & Tobacco",Packaged Foods & Meats,30202030,30,302020,3020
KDP UW Equity,Consumer Staples,Beverages,"Food, Beverage & Tobacco",Soft Drinks & Non-alcoholic Be,30201030,30,302010,3020
KEY UN Equity,Financials,Banks,Banks,Diversified Banks,40101010,40,401010,4010
KEYS UN Equity,Information Technology,"Electronic Equipment, Instrume",Technology Hardware & Equipmen,Electronic Equipment & Instrum,45203010,45,452030,4520
KHC UW Equity,Consumer Staples,Food Products,"Food, Beverage & Tobacco",Packaged Foods & Meats,30202030,30,302020,3020
KIM UN Equity,Real Estate,Retail REITs,Equity Real Estate Investment,Retail REITs,60107010,60,601070,6010
KLAC UW Equity,Information Technology,Semiconductors & Semiconductor,Semiconductors & Semiconductor,Semiconductor Materials & Equi,45301010,45,453010,4530
KMB UN Equity,Consumer Staples,Household Products,Household & Personal Products,Household Products,30301010,30,303010,3030
KMI UN Equity,Energy,"Oil, Gas & Consumable Fuels",Energy,Oil & Gas Storage & Transporta,10102040,10,101020,1010
KMX UN Equity,Consumer Discretionary,Specialty Retail,Consumer Discretionary Distrib,Automotive Retail,25504050,25,255040,2550
KO UN Equity,Consumer Staples,Beverages,"Food, Beverage & Tobacco",Soft Drinks & Non-alcoholic Be,30201030,30,302010,3020
KR UN Equity,Consumer Staples,Consumer Staples Distribution,Consumer Staples Distribution,Food Retail,30101030,30,301010,3010
L UN Equity,Financials,Insurance,Insurance,Property & Casualty Insurance,40301040,40,403010,4030
LDOS UN Equity,Industrials,Professional Services,Commercial & Professional Serv,Research & Consulting Services,20202020,20,202020,2020
LEN UN Equity,Consumer Discretionary,Household Durables,Consumer Durables & Apparel,Homebuilding,25201030,25,252010,2520
LH UN Equity,Health Care,Health Care Providers & Servic,Health Care Equipment & Servic,Health Care Services,35102015,35,351020,3510
LHX UN Equity,Industrials,Aerospace & Defense,Capital Goods,Aerospace & Defense,20101010,20,201010,2010
LIN UN Equity,Materials,Chemicals,Materials,Industrial Gases,15101040,15,151010,1510
LKQ UW Equity,Consumer Discretionary,Distributors,Consumer Discretionary Distrib,Distributors,25501010,25,255010,2550
LLY UN Equity,Health Care,Pharmaceuticals,"Pharmaceuticals, Biotechnology",Pharmaceuticals,35202010,35,352020,3520
LMT UN Equity,Industrials,Aerospace & Defense,Capital Goods,Aerospace & Defense,20101010,20,201010,2010
LNC UN Equity,Financials,Insurance,Insurance,Life & Health Insurance,40301020,40,403010,4030
LNT UW Equity,Utilities,Electric Utilities,Utilities,Electric Utilities,55101010,55,551010,5510
LOW UN Equity,Consumer Discretionary,Specialty Retail,Consumer Discretionary Distrib,Home Improvement Retail,25504030,25,255040,2550
LRCX UW Equity,Information Technology,Semiconductors & Semiconductor,Semiconductors & Semiconductor,Semiconductor Materials & Equi,45301010,45,453010,4530
LUV UN Equity,Industrials,Passenger Airlines,Transportation,Passenger Airlines,20302010,20,203020,2030
LVS UN Equity,Consumer Discretionary,"Hotels, Restaurants & Leisure",Consumer Services,Casinos & Gaming,25301010,25,253010,2530
LW UN Equity,Consumer Staples,Food Products,"Food, Beverage & Tobacco",Packaged Foods & Meats,30202030,30,302020,3020
LYB UN Equity,Materials,Chemicals,Materials,Commodity Chemicals,15101010,15,151010,1510
LYV UN Equity,Communication Services,Entertainment,Media & Entertainment,Movies & Entertainment,50202010,50,502020,5020
MA UN Equity,Financials,Financial Services,Financial Services,Transaction & Payment Processi,40201060,40,402010,4020
MAA UN Equity,Real Estate,Residential REITs,Equity Real Estate Investment,Multi-Family Residential REITs,60106010,60,601060,6010
MAR UW Equity,Consumer Discretionary,"Hotels, Restaurants & Leisure",Consumer Services,"Hotels, Resorts & Cruise Lines",25301020,25,253010,2530
MAS UN Equity,Industrials,Building Products,Capital Goods,Building Products,20102010,20,201020,2010
MCD UN Equity,Consumer Discretionary,"Hotels, Restaurants & Leisure",Consumer Services,Restaurants,25301040,25,253010,2530
MCHP UW Equity,Information Technology,Semiconductors & Semiconductor,Semiconductors & Semiconductor,Semiconductors,45301020,45,453010,4530
MCK UN Equity,Health Care,Health Care Providers & Servic,Health Care Equipment & Servic,Health Care Distributors,35102010,35,351020,3510
MCO UN Equity,Financials,Capital Markets,Financial Services,Financial Exchanges & Data,40203040,40,402030,4020
MDLZ UW Equity,Consumer Staples,Food Products,"Food, Beverage & Tobacco",Packaged Foods & Meats,30202030,30,302020,3020
MDT UN Equity,Health Care,Health Care Equipment & Suppli,Health Care Equipment & Servic,Health Care Equipment,35101010,35,351010,3510
MET UN Equity,Financials,Insurance,Insurance,Life & Health Insurance,40301020,40,403010,4030
META UW Equity,Communication Services,Interactive Media & Services,Media & Entertainment,Interactive Media & Services,50203010,50,502030,5020
MGM UN Equity,Consumer Discretionary,"Hotels, Restaurants & Leisure",Consumer Services,Casinos & Gaming,25301010,25,253010,2530
MHK UN Equity,Consumer Discretionary,Household Durables,Consumer Durables & Apparel,Home Furnishings,25201020,25,252010,2520
MKC UN Equity,Consumer Staples,Food Products,"Food, Beverage & Tobacco",Packaged Foods & Meats,30202030,30,302020,3020
MKTX UW Equity,Financials,Capital Markets,Financial Services,Financial Exchanges & Data,40203040,40,402030,4020
MLM UN Equity,Materials,Construction Materials,Materials,Construction Materials,15102010,15,151020,1510
MMC UN Equity,Financials,Insurance,Insurance,Insurance Brokers,40301010,40,403010,4030
MMM UN Equity,Industrials,Industrial Conglomerates,Capital Goods,Industrial Conglomerates,20105010,20,201050,2010
MNST UW Equity,Consumer Staples,Beverages,"Food, Beverage & Tobacco",Soft Drinks & Non-alcoholic Be,30201030,30,302010,3020
MO UN Equity,Consumer Staples,Tobacco,"Food, Beverage & Tobacco",Tobacco,30203010,30,302030,3020
MOH UN Equity,Health Care,Health Care Providers & Servic,Health Care Equipment & Servic,Managed Health Care,35102030,35,351020,3510
MOS UN Equity,Materials,Chemicals,Materials,Fertilizers & Agricultural Che,15101030,15,151010,1510
MPC UN Equity,Energy,"Oil, Gas & Consumable Fuels",Energy,Oil & Gas Refining & Marketing,10102030,10,101020,1010
MPWR UW Equity,Information Technology,Semiconductors & Semiconductor,Semiconductors & Semiconductor,Semiconductors,45301020,45,453010,4530
MRK UN Equity,Health Care,Pharmaceuticals,"Pharmaceuticals, Biotechnology",Pharmaceuticals,35202010,35,352020,3520
MRNA UW Equity,Health Care,Biotechnology,"Pharmaceuticals, Biotechnology",Biotechnology,35201010,35,352010,3520
MRO UN Equity,Energy,"Oil, Gas & Consumable Fuels",Energy,Oil & Gas Exploration & Produc,10102020,10,101020,1010
MS UN Equity,Financials,Capital Markets,Financial Services,Investment Banking & Brokerage,40203020,40,402030,4020
MSCI UN Equity,Financials,Capital Markets,Financial Services,Financial Exchanges & Data,40203040,40,402030,4020
MSFT UW Equity,Information Technology,Software,Software & Services,Systems Software,45103020,45,451030,4510
MSI UN Equity,Information Technology,Communications Equipment,Technology Hardware & Equipmen,Communications Equipment,45201020,45,452010,4520
MTB UN Equity,Financials,Banks,Banks,Regional Banks,40101015,40,401010,4010
MTCH UW Equity,Communication Services,Interactive Media & Services,Media & Entertainment,Interactive Media & Services,50203010,50,502030,5020
MTD UN Equity,Health Care,Life Sciences Tools & Services,"Pharmaceuticals, Biotechnology",Life Sciences Tools & Services,35203010,35,352030,3520
MU UW Equity,Information Technology,Semiconductors & Semiconductor,Semiconductors & Semiconductor,Semiconductors,45301020,45,453010,4530
NCLH UN Equity,Consumer Discretionary,"Hotels, Restaurants & Leisure",Consumer Services,"Hotels, Resorts & Cruise Lines",25301020,25,253010,2530
NDAQ UW Equity,Financials,Capital Markets,Financial Services,Financial Exchanges & Data,40203040,40,402030,4020
NDSN UW Equity,Industrials,Machinery,Capital Goods,Industrial Machinery & Supplie,20106020,20,201060,2010
NEE UN Equity,Utilities,Electric Utilities,Utilities,Electric Utilities,55101010,55,551010,5510
NEM UN Equity,Materials,Metals & Mining,Materials,Gold,15104030,15,151040,1510
NFLX UW Equity,Communication Services,Entertainment,Media & Entertainment,Movies & Entertainment,50202010,50,502020,5020
NI UN Equity,Utilities,Multi-Utilities,Utilities,Multi-Utilities,55103010,55,551030,5510
NKE UN Equity,Consumer Discretionary,"Textiles, Apparel & Luxury Goo",Consumer Durables & Apparel,Footwear,25203020,25,252030,2520
NOC UN Equity,Industrials,Aerospace & Defense,Capital Goods,Aerospace & Defense,20101010,20,201010,2010
NOW UN Equity,Information Technology,Software,Software & Services,Systems Software,45103020,45,451030,4510
NRG UN Equity,Utilities,Electric Utilities,Utilities,Electric Utilities,55101010,55,551010,5510
NSC UN Equity,Industrials,Ground Transportation,Transportation,Rail Transportation,20304010,20,203040,2030
NTAP UW Equity,Information Technology,"Technology Hardware, Storage &",Technology Hardware & Equipmen,"Technology Hardware, Storage &",45202030,45,452020,4520
NTRS UW Equity,Financials,Capital Markets,Financial Services,Asset Management & Custody Ban,40203010,40,402030,4020
NUE UN Equity,Materials,Metals & Mining,Materials,Steel,15104050,15,151040,1510
NVDA UW Equity,Information Technology,Semiconductors & Semiconductor,Semiconductors & Semiconductor,Semiconductors,45301020,45,453010,4530
NVR UN Equity,Consumer Discretionary,Household Durables,Consumer Durables & Apparel,Homebuilding,25201030,25,252010,2520
NWL UW Equity,Consumer Discretionary,Household Durables,Consumer Durables & Apparel,Housewares & Specialties,25201050,25,252010,2520
NWS UW Equity,Communication Services,Media,Media & Entertainment,Publishing,50201040,50,502010,5020
NWSA UW Equity,Communication Services,Media,Media & Entertainment,Publishing,50201040,50,502010,5020
NXPI UW Equity,Information Technology,Semiconductors & Semiconductor,Semiconductors & Semiconductor,Semiconductors,45301020,45,453010,4530
O UN Equity,Real Estate,Retail REITs,Equity Real Estate Investment,Retail REITs,60107010,60,601070,6010
ODFL UW Equity,Industrials,Ground Transportation,Transportation,Cargo Ground Transportation,20304030,20,203040,2030
OGN UN Equity,Health Care,Pharmaceuticals,"Pharmaceuticals, Biotechnology",Pharmaceuticals,35202010,35,352020,3520
OKE UN Equity,Energy,"Oil, Gas & Consumable Fuels",Energy,Oil & Gas Storage & Transporta,10102040,10,101020,1010
OMC UN Equity,Communication Services,Media,Media & Entertainment,Advertising,50201010,50,502010,5020
ON UW Equity,Information Technology,Semiconductors & Semiconductor,Semiconductors & Semiconductor,Semiconductors,45301020,45,453010,4530
ORCL UN Equity,Information Technology,Software,Software & Services,Systems Software,45103020,45,451030,4510
ORLY UW Equity,Consumer Discretionary,Specialty Retail,Consumer Discretionary Distrib,Automotive Retail,25504050,25,255040,2550
OTIS UN Equity,Industrials,Machinery,Capital Goods,Industrial Machinery & Supplie,20106020,20,201060,2010
OXY UN Equity,Energy,"Oil, Gas & Consumable Fuels",Energy,Integrated Oil & Gas,10102010,10,101020,1010
PARA UW Equity,Communication Services,Media,Media & Entertainment,Broadcasting,50201020,50,502010,5020
PAYC UN Equity,Industrials,Professional Services,Commercial & Professional Serv,Human Resource & Employment Se,20202010,20,202020,2020
PAYX UW Equity,Industrials,Professional Services,Commercial & Professional Serv,Human Resource & Employment Se,20202010,20,202020,2020
PCAR UW Equity,Industrials,Machinery,Capital Goods,Construction Machinery & Heavy,20106010,20,201060,2010
PCG UN Equity,Utilities,Electric Utilities,Utilities,Electric Utilities,55101010,55,551010,5510
PEAK UN Equity,Real Estate,Health Care REITs,Equity Real Estate Investment,Health Care REITs,60105010,60,601050,6010
PEG UN Equity,Utilities,Multi-Utilities,Utilities,Multi-Utilities,55103010,55,551030,5510
PEP UW Equity,Consumer Staples,Beverages,"Food, Beverage & Tobacco",Soft Drinks & Non-alcoholic Be,30201030,30,302010,3020
PFE UN Equity,Health Care,Pharmaceuticals,"Pharmaceuticals, Biotechnology",Pharmaceuticals,35202010,35,352020,3520
PFG UW Equity,Financials,Insurance,Insurance,Life & Health Insurance,40301020,40,403010,4030
PG UN Equity,Consumer Staples,Household Products,Household & Personal Products,Household Products,30301010,30,303010,3030
PGR UN Equity,Financials,Insurance,Insurance,Property & Casualty Insurance,40301040,40,403010,4030
PH UN Equity,Industrials,Machinery,Capital Goods,Industrial Machinery & Supplie,20106020,20,201060,2010
PHM UN Equity,Consumer Discretionary,Household Durables,Consumer Durables & Apparel,Homebuilding,25201030,25,252010,2520
PKG UN Equity,Materials,Containers & Packaging,Materials,Paper & Plastic Packaging Prod,15103020,15,151030,1510
PKI UN Equity,Health Care,Life Sciences Tools & Services,"Pharmaceuticals, Biotechnology",Life Sciences Tools & Services,35203010,35,352030,3520
PLD UN Equity,Real Estate,Industrial REITs,Equity Real Estate Investment,Industrial REITs,60102510,60,601025,6010
PM UN Equity,Consumer Staples,Tobacco,"Food, Beverage & Tobacco",Tobacco,30203010,30,302030,3020
PNC UN Equity,Financials,Banks,Banks,Diversified Banks,40101010,40,401010,4010
PNR UN Equity,Industrials,Machinery,Capital Goods,Industrial Machinery & Supplie,20106020,20,201060,2010
PNW UN Equity,Utilities,Electric Utilities,Utilities,Electric Utilities,55101010,55,551010,5510
PODD UW Equity,Health Care,Health Care Equipment & Suppli,Health Care Equipment & Servic,Health Care Equipment,35101010,35,351010,3510
POOL UW Equity,Consumer Discretionary,Distributors,Consumer Discretionary Distrib,Distributors,25501010,25,255010,2550
PPG UN Equity,Materials,Chemicals,Materials,Specialty Chemicals,15101050,15,151010,1510
PPL UN Equity,Utilities,Electric Utilities,Utilities,Electric Utilities,55101010,55,551010,5510
PRU UN Equity,Financials,Insurance,Insurance,Life & Health Insurance,40301020,40,403010,4030
PSA UN Equity,Real Estate,Specialized REITs,Equity Real Estate Investment,Self-Storage REITs,60108020,60,601080,6010
PSX UN Equity,Energy,"Oil, Gas & Consumable Fuels",Energy,Oil & Gas Refining & Marketing,10102030,10,101020,1010
PTC UW Equity,Information Technology,Software,Software & Services,Application Software,45103010,45,451030,4510
PWR UN Equity,Industrials,Construction & Engineering,Capital Goods,Construction & Engineering,20103010,20,201030,2010
PXD UN Equity,Energy,"Oil, Gas & Consumable Fuels",Energy,Oil & Gas Exploration & Produc,10102020,10,101020,1010
PYPL UW Equity,Financials,Financial Services,Financial Services,Transaction & Payment Processi,40201060,40,402010,4020
QCOM UW Equity,Information Technology,Semiconductors & Semiconductor,Semiconductors & Semiconductor,Semiconductors,45301020,45,453010,4530
QRVO UW Equity,Information Technology,Semiconductors & Semiconductor,Semiconductors & Semiconductor,Semiconductors,45301020,45,453010,4530
RCL UN Equity,Consumer Discretionary,"Hotels, Restaurants & Leisure",Consumer Services,"Hotels, Resorts & Cruise Lines",25301020,25,253010,2530
RE UN Equity,Financials,Insurance,Insurance,Reinsurance,40301050,40,403010,4030
REG UW Equity,Real Estate,Retail REITs,Equity Real Estate Investment,Retail REITs,60107010,60,601070,6010
REGN UW Equity,Health Care,Biotechnology,"Pharmaceuticals, Biotechnology",Biotechnology,35201010,35,352010,3520
RF UN Equity,Financials,Banks,Banks,Regional Banks,40101015,40,401010,4010
RHI UN Equity,Industrials,Professional Services,Commercial & Professional Serv,Human Resource & Employment Se,20202010,20,202020,2020
RJF UN Equity,Financials,Capital Markets,Financial Services,Investment Banking & Brokerage,40203020,40,402030,4020
RL UN Equity,Consumer Discretionary,"Textiles, Apparel & Luxury Goo",Consumer Durables & Apparel,"Apparel, Accessories & Luxury",25203010,25,252030,2520
RMD UN Equity,Health Care,Health Care Equipment & Suppli,Health Care Equipment & Servic,Health Care Equipment,35101010,35,351010,3510
ROK UN Equity,Industrials,Electrical Equipment,Capital Goods,Electrical Components & Equipm,20104010,20,201040,2010
ROL UN Equity,Industrials,Commercial Services & Supplies,Commercial & Professional Serv,Environmental & Facilities Ser,20201050,20,202010,2020
ROP UN Equity,Information Technology,Software,Software & Services,Application Software,45103010,45,451030,4510
ROST UW Equity,Consumer Discretionary,Specialty Retail,Consumer Discretionary Distrib,Apparel Retail,25504010,25,255040,2550
RSG UN Equity,Industrials,Commercial Services & Supplies,Commercial & Professional Serv,Environmental & Facilities Ser,20201050,20,202010,2020
RTX UN Equity,Industrials,Aerospace & Defense,Capital Goods,Aerospace & Defense,20101010,20,201010,2010
SBAC UW Equity,Real Estate,Specialized REITs,Equity Real Estate Investment,Telecom Tower REITs,60108030,60,601080,6010
SBUX UW Equity,Consumer Discretionary,"Hotels, Restaurants & Leisure",Consumer Services,Restaurants,25301040,25,253010,2530
SCHW UN Equity,Financials,Capital Markets,Financial Services,Investment Banking & Brokerage,40203020,40,402030,4020
SEDG UW Equity,Information Technology,Semiconductors & Semiconductor,Semiconductors & Semiconductor,Semiconductor Materials & Equi,45301010,45,453010,4530
SEE UN Equity,Materials,Containers & Packaging,Materials,Paper & Plastic Packaging Prod,15103020,15,151030,1510
SHW UN Equity,Materials,Chemicals,Materials,Specialty Chemicals,15101050,15,151010,1510
SJM UN Equity,Consumer Staples,Food Products,"Food, Beverage & Tobacco",Packaged Foods & Meats,30202030,30,302020,3020
SLB UN Equity,Energy,Energy Equipment & Services,Energy,Oil & Gas Equipment & Services,10101020,10,101010,1010
SNA UN Equity,Industrials,Machinery,Capital Goods,Industrial Machinery & Supplie,20106020,20,201060,2010
SNPS UW Equity,Information Technology,Software,Software & Services,Application Software,45103010,45,451030,4510
SO UN Equity,Utilities,Electric Utilities,Utilities,Electric Utilities,55101010,55,551010,5510
SPG UN Equity,Real Estate,Retail REITs,Equity Real Estate Investment,Retail REITs,60107010,60,601070,6010
SPGI UN Equity,Financials,Capital Markets,Financial Services,Financial Exchanges & Data,40203040,40,402030,4020
SRE UN Equity,Utilities,Multi-Utilities,Utilities,Multi-Utilities,55103010,55,551030,5510
STE UN Equity,Health Care,Health Care Equipment & Suppli,Health Care Equipment & Servic,Health Care Equipment,35101010,35,351010,3510
STLD UW Equity,Materials,Metals & Mining,Materials,Steel,15104050,15,151040,1510
STT UN Equity,Financials,Capital Markets,Financial Services,Asset Management & Custody Ban,40203010,40,402030,4020
STX UW Equity,Information Technology,"Technology Hardware, Storage &",Technology Hardware & Equipmen,"Technology Hardware, Storage &",45202030,45,452020,4520
STZ UN Equity,Consumer Staples,Beverages,"Food, Beverage & Tobacco",Distillers & Vintners,30201020,30,302010,3020
SWK UN Equity,Industrials,Machinery,Capital Goods,Industrial Machinery & Supplie,20106020,20,201060,2010
SWKS UW Equity,Information Technology,Semiconductors & Semiconductor,Semiconductors & Semiconductor,Semiconductors,45301020,45,453010,4530
SYF UN Equity,Financials,Consumer Finance,Financial Services,Consumer Finance,40202010,40,402020,4020
SYK UN Equity,Health Care,Health Care Equipment & Suppli,Health Care Equipment & Servic,Health Care Equipment,35101010,35,351010,3510
SYY UN Equity,Consumer Staples,Consumer Staples Distribution,Consumer Staples Distribution,Food Distributors,30101020,30,301010,3010
T UN Equity,Communication Services,Diversified Telecommunication,Telecommunication Services,Integrated Telecommunication S,50101020,50,501010,5010
TAP UN Equity,Consumer Staples,Beverages,"Food, Beverage & Tobacco",Brewers,30201010,30,302010,3020
TDG UN Equity,Industrials,Aerospace & Defense,Capital Goods,Aerospace & Defense,20101010,20,201010,2010
TDY UN Equity,Information Technology,"Electronic Equipment, Instrume",Technology Hardware & Equipmen,Electronic Equipment & Instrum,45203010,45,452030,4520
TECH UW Equity,Health Care,Life Sciences Tools & Services,"Pharmaceuticals, Biotechnology",Life Sciences Tools & Services,35203010,35,352030,3520
TEL UN Equity,Information Technology,"Electronic Equipment, Instrume",Technology Hardware & Equipmen,Electronic Manufacturing Servi,45203020,45,452030,4520
TER UW Equity,Information Technology,Semiconductors & Semiconductor,Semiconductors & Semiconductor,Semiconductor Materials & Equi,45301010,45,453010,4530
TFC UN Equity,Financials,Banks,Banks,Regional Banks,40101015,40,401010,4010
TFX UN Equity,Health Care,Health Care Equipment & Suppli,Health Care Equipment & Servic,Health Care Equipment,35101010,35,351010,3510
TGT UN Equity,Consumer Staples,Consumer Staples Distribution,Consumer Staples Distribution,Consumer Staples Merchandise R,30101040,30,301010,3010
TJX UN Equity,Consumer Discretionary,Specialty Retail,Consumer Discretionary Distrib,Apparel Retail,25504010,25,255040,2550
TMO UN Equity,Health Care,Life Sciences Tools & Services,"Pharmaceuticals, Biotechnology",Life Sciences Tools & Services,35203010,35,352030,3520
TMUS UW Equity,Communication Services,Wireless Telecommunication Ser,Telecommunication Services,Wireless Telecommunication Ser,50102010,50,501020,5010
TPR UN Equity,Consumer Discretionary,"Textiles, Apparel & Luxury Goo",Consumer Durables & Apparel,"Apparel, Accessories & Luxury",25203010,25,252030,2520
TRGP UN Equity,Energy,"Oil, Gas & Consumable Fuels",Energy,Oil & Gas Storage & Transporta,10102040,10,101020,1010
TRMB UW Equity,Information Technology,"Electronic Equipment, Instrume",Technology Hardware & Equipmen,Electronic Equipment & Instrum,45203010,45,452030,4520
TROW UW Equity,Financials,Capital Markets,Financial Services,Asset Management & Custody Ban,40203010,40,402030,4020
TRV UN Equity,Financials,Insurance,Insurance,Property & Casualty Insurance,40301040,40,403010,4030
TSCO UW Equity,Consumer Discretionary,Specialty Retail,Consumer Discretionary Distrib,Other Specialty Retail,25504040,25,255040,2550
TSLA UW Equity,Consumer Discretionary,Automobiles,Automobiles & Components,Automobile Manufacturers,25102010,25,251020,2510
TSN UN Equity,Consumer Staples,Food Products,"Food, Beverage & Tobacco",Packaged Foods & Meats,30202030,30,302020,3020
TT UN Equity,Industrials,Building Products,Capital Goods,Building Products,20102010,20,201020,2010
TTWO UW Equity,Communication Services,Entertainment,Media & Entertainment,Interactive Home Entertainment,50202020,50,502020,5020
TXN UW Equity,Information Technology,Semiconductors & Semiconductor,Semiconductors & Semiconductor,Semiconductors,45301020,45,453010,4530
TXT UN Equity,Industrials,Aerospace & Defense,Capital Goods,Aerospace & Defense,20101010,20,201010,2010
TYL UN Equity,Information Technology,Software,Software & Services,Application Software,45103010,45,451030,4510
UAL UW Equity,Industrials,Passenger Airlines,Transportation,Passenger Airlines,20302010,20,203020,2030
UDR UN Equity,Real Estate,Residential REITs,Equity Real Estate Investment,Multi-Family Residential REITs,60106010,60,601060,6010
UHS UN Equity,Health Care,Health Care Providers & Servic,Health Care Equipment & Servic,Health Care Facilities,35102020,35,351020,3510
ULTA UW Equity,Consumer Discretionary,Specialty Retail,Consumer Discretionary Distrib,Other Specialty Retail,25504040,25,255040,2550
UNH UN Equity,Health Care,Health Care Providers & Servic,Health Care Equipment & Servic,Managed Health Care,35102030,35,351020,3510
UNP UN Equity,Industrials,Ground Transportation,Transportation,Rail Transportation,20304010,20,203040,2030
UPS UN Equity,Industrials,Air Freight & Logistics,Transportation,Air Freight & Logistics,20301010,20,203010,2030
URI UN Equity,Industrials,Trading Companies & Distributo,Capital Goods,Trading Companies & Distributo,20107010,20,201070,2010
USB UN Equity,Financials,Banks,Banks,Diversified Banks,40101010,40,401010,4010
V UN Equity,Financials,Financial Services,Financial Services,Transaction & Payment Processi,40201060,40,402010,4020
VFC UN Equity,Consumer Discretionary,"Textiles, Apparel & Luxury Goo",Consumer Durables & Apparel,"Apparel, Accessories & Luxury",25203010,25,252030,2520
VICI UN Equity,Real Estate,Specialized REITs,Equity Real Estate Investment,Other Specialized REITs,60108010,60,601080,6010
VLO UN Equity,Energy,"Oil, Gas & Consumable Fuels",Energy,Oil & Gas Refining & Marketing,10102030,10,101020,1010
VMC UN Equity,Materials,Construction Materials,Materials,Construction Materials,15102010,15,151020,1510
VRSK UW Equity,Industrials,Professional Services,Commercial & Professional Serv,Research & Consulting Services,20202020,20,202020,2020
VRSN UW Equity,Information Technology,IT Services,Software & Services,Internet Services & Infrastruc,45102030,45,451020,4510
VRTX UW Equity,Health Care,Biotechnology,"Pharmaceuticals, Biotechnology",Biotechnology,35201010,35,352010,3520
VTR UN Equity,Real Estate,Health Care REITs,Equity Real Estate Investment,Health Care REITs,60105010,60,601050,6010
VTRS UW Equity,Health Care,Pharmaceuticals,"Pharmaceuticals, Biotechnology",Pharmaceuticals,35202010,35,352020,3520
VZ UN Equity,Communication Services,Diversified Telecommunication,Telecommunication Services,Integrated Telecommunication S,50101020,50,501010,5010
WAB UN Equity,Industrials,Machinery,Capital Goods,Construction Machinery & Heavy,20106010,20,201060,2010
WAT UN Equity,Health Care,Life Sciences Tools & Services,"Pharmaceuticals, Biotechnology",Life Sciences Tools & Services,35203010,35,352030,3520
WBA UW Equity,Consumer Staples,Consumer Staples Distribution,Consumer Staples Distribution,Drug Retail,30101010,30,301010,3010
WBD UW Equity,Communication Services,Entertainment,Media & Entertainment,Movies & Entertainment,50202010,50,502020,5020
WDC UW Equity,Information Technology,"Technology Hardware, Storage &",Technology Hardware & Equipmen,"Technology Hardware, Storage &",45202030,45,452020,4520
WEC UN Equity,Utilities,Multi-Utilities,Utilities,Multi-Utilities,55103010,55,551030,5510
WELL UN Equity,Real Estate,Health Care REITs,Equity Real Estate Investment,Health Care REITs,60105010,60,601050,6010
WFC UN Equity,Financials,Banks,Banks,Diversified Banks,40101010,40,401010,4010
WHR UN Equity,Consumer Discretionary,Household Durables,Consumer Durables & Apparel,Household Appliances,25201040,25,252010,2520
WM UN Equity,Industrials,Commercial Services & Supplies,Commercial & Professional Serv,Environmental & Facilities Ser,20201050,20,202010,2020
WMB UN Equity,Energy,"Oil, Gas & Consumable Fuels",Energy,Oil & Gas Storage & Transporta,10102040,10,101020,1010
WMT UN Equity,Consumer Staples,Consumer Staples Distribution,Consumer Staples Distribution,Consumer Staples Merchandise R,30101040,30,301010,3010
WRB UN Equity,Financials,Insurance,Insurance,Property & Casualty Insurance,40301040,40,403010,4030
WRK UN Equity,Materials,Containers & Packaging,Materials,Paper & Plastic Packaging Prod,15103020,15,151030,1510
WST UN Equity,Health Care,Life Sciences Tools & Services,"Pharmaceuticals, Biotechnology",Life Sciences Tools & Services,35203010,35,352030,3520
WTW UW Equity,Financials,Insurance,Insurance,Insurance Brokers,40301010,40,403010,4030
WY UN Equity,Real Estate,Specialized REITs,Equity Real Estate Investment,Timber REITs,60108040,60,601080,6010
WYNN UW Equity,Consumer Discretionary,"Hotels, Restaurants & Leisure",Consumer Services,Casinos & Gaming,25301010,25,253010,2530
XEL UW Equity,Utilities,Electric Utilities,Utilities,Electric Utilities,55101010,55,551010,5510
XOM UN Equity,Energy,"Oil, Gas & Consumable Fuels",Energy,Integrated Oil & Gas,10102010,10,101020,1010
XRAY UW Equity,Health Care,Health Care Equipment & Suppli,Health Care Equipment & Servic,Health Care Supplies,35101020,35,351010,3510
XYL UN Equity,Industrials,Machinery,Capital Goods,Industrial Machinery & Supplie,20106020,20,201060,2010
YUM UN Equity,Consumer Discretionary,"Hotels, Restaurants & Leisure",Consumer Services,Restaurants,25301040,25,253010,2530
ZBH UN Equity,Health Care,Health Care Equipment & Suppli,Health Care Equipment & Servic,Health Care Equipment,35101010,35,351010,3510
ZBRA UW Equity,Information Technology,"Electronic Equipment, Instrume",Technology Hardware & Equipmen,Electronic Equipment & Instrum,45203010,45,452030,4520
ZION UW Equity,Financials,Banks,Banks,Regional Banks,40101015,40,401010,4010
ZTS UN Equity,Health Care,Pharmaceuticals,"Pharmaceuticals, Biotechnology",Pharmaceuticals,35202010,35,352020,3520
XRX UN Equity,Information Technology,"Technology Hardware, Storage &",Technology Hardware & Equipmen,"Technology Hardware, Storage &",45202030,45,452020,4520
AEP UN Equity,Utilities,Electric Utilities,Utilities,Electric Utilities,55101010,55,551010,5510
2078185D UN Equity,Consumer Discretionary,Specialty Retail,Consumer Discretionary Distrib,Other Specialty Retail,25504040,25,255040,2550
GRMN UW Equity,Consumer Discretionary,Household Durables,Consumer Durables & Apparel,Consumer Electronics,25201010,25,252010,2520
GPS UN Equity,Consumer Discretionary,Specialty Retail,Consumer Discretionary Distrib,Apparel Retail,25504010,25,255040,2550
FTI UN Equity,Energy,Energy Equipment & Services,Energy,Oil & Gas Equipment & Services,10101020,10,101010,1010
9990213D UN Equity,Industrials,Professional Services,Commercial & Professional Serv,Research & Consulting Services,20202020,20,202020,2020
FLS UN Equity,Industrials,Machinery,Capital Goods,Industrial Machinery & Supplie,20106020,20,201060,2010
FLIR UW Equity,Information Technology,"Electronic Equipment, Instrume",Technology Hardware & Equipmen,Electronic Equipment & Instrum,45203010,45,452030,4520
ETFC UW Equity,Financials,Capital Markets,Financial Services,Investment Banking & Brokerage,40203020,40,402030,4020
DISCA UW Equity,Communication Services,Entertainment,Media & Entertainment,Movies & Entertainment,50202010,50,502020,5020
HON UN Equity,Industrials,Industrial Conglomerates,Capital Goods,Industrial Conglomerates,20105010,20,201050,2010
AGN UN Equity,Health Care,Pharmaceuticals,"Pharmaceuticals, Biotechnology",Pharmaceuticals,35202010,35,352020,3520
AIV UN Equity,Real Estate,Residential REITs,Equity Real Estate Investment,Multi-Family Residential REITs,60106010,60,601060,6010
ALXN UW Equity,Health Care,Biotechnology,"Pharmaceuticals, Biotechnology",Biotechnology,35201010,35,352010,3520
VNO UN Equity,Real Estate,Office REITs,Equity Real Estate Investment,Office REITs,60104010,60,601040,6010
CTXS UW Equity,Information Technology,Software,Software & Services,Application Software,45103010,45,451030,4510
VAR UN Equity,Health Care,Health Care Equipment & Suppli,Health Care Equipment & Servic,Health Care Equipment,35101010,35,351010,3510
CERN UW Equity,Health Care,Health Care Technology,Health Care Equipment & Servic,Health Care Technology,35103010,35,351030,3510
APA UN Equity,Energy,"Oil, Gas & Consumable Fuels",Energy,Oil & Gas Exploration & Produc,10102020,10,101020,1010
UNM UN Equity,Financials,Insurance,Insurance,Life & Health Insurance,40301020,40,403010,4030
HOG UN Equity,Consumer Discretionary,Automobiles,Automobiles & Components,Motorcycle Manufacturers,25102020,25,251020,2510
HP UN Equity,Energy,Energy Equipment & Services,Energy,Oil & Gas Drilling,10101010,10,101010,1010
HRB UN Equity,Consumer Discretionary,Diversified Consumer Services,Consumer Services,Specialized Consumer Services,25302020,25,253020,2530
HST UN Equity,Real Estate,Hotel & Resort REITs,Equity Real Estate Investment,Hotel & Resort REITs,60103010,60,601030,6010
RTN UN Equity,Industrials,Aerospace & Defense,Capital Goods,Aerospace & Defense,20101010,20,201010,2010
JWN UN Equity,Consumer Discretionary,Broadline Retail,Consumer Discretionary Distrib,Broadline Retail,25503030,25,255030,2550
KSS UN Equity,Consumer Discretionary,Broadline Retail,Consumer Discretionary Distrib,Broadline Retail,25503030,25,255030,2550
LEG UN Equity,Consumer Discretionary,Household Durables,Consumer Durables & Apparel,Home Furnishings,25201020,25,252010,2520
LUMN UN Equity,Communication Services,Diversified Telecommunication,Telecommunication Services,Alternative Carriers,50101010,50,501010,5010
M UN Equity,Consumer Discretionary,Broadline Retail,Consumer Discretionary Distrib,Broadline Retail,25503030,25,255030,2550
MYL UW Equity,Health Care,Pharmaceuticals,"Pharmaceuticals, Biotechnology",Pharmaceuticals,35202010,35,352020,3520
WU UN Equity,Financials,Financial Services,Financial Services,Transaction & Payment Processi,40201060,40,402010,4020
XLNX UW Equity,Information Technology,Semiconductors & Semiconductor,Semiconductors & Semiconductor,Semiconductors,45301020,45,453010,4530
NOV UN Equity,Energy,Energy Equipment & Services,Energy,Oil & Gas Equipment & Services,10101020,10,101010,1010
PBCT UW Equity,Financials,Banks,Banks,Regional Banks,40101015,40,401010,4010
TRIP UW Equity,Communication Services,Interactive Media & Services,Media & Entertainment,Interactive Media & Services,50203010,50,502030,5020
PVH UN Equity,Consumer Discretionary,"Textiles, Apparel & Luxury Goo",Consumer Durables & Apparel,"Apparel, Accessories & Luxury",25203010,25,252030,2520
NBL UN Equity,Energy,"Oil, Gas & Consumable Fuels",Energy,Oil & Gas Exploration & Produc,10102020,10,101020,1010
VIAB UW Equity,Communication Services,Entertainment,Media & Entertainment,Movies & Entertainment,50202010,50,502020,5020
PARA UN Equity,Communication Services,Media,Media & Entertainment,Broadcasting,50201020,50,502010,5020
STI UN Equity,Financials,Banks,Banks,Regional Banks,40101015,40,401010,4010
CELG UW Equity,Health Care,Biotechnology,"Pharmaceuticals, Biotechnology",Biotechnology,35201010,35,352010,3520
TSS UN Equity,#N/A N/A,#N/A N/A,#N/A N/A,#N/A N/A,#N/A N/A,#N/A N/A,#N/A N/A,#N/A N/A
KSU UN Equity,Industrials,Ground Transportation,Transportation,Rail Transportation,20304010,20,203040,2030
JEF UN Equity,Financials,Capital Markets,Financial Services,Investment Banking & Brokerage,40203020,40,402030,4020
EXC UN Equity,Utilities,Electric Utilities,Utilities,Electric Utilities,55101010,55,551010,5510
MAC UN Equity,Real Estate,Retail REITs,Equity Real Estate Investment,Retail REITs,60107010,60,601070,6010
APC UN Equity,Energy,"Oil, Gas & Consumable Fuels",Energy,Oil & Gas Exploration & Produc,10102020,10,101020,1010
PRGO UN Equity,Health Care,Pharmaceuticals,"Pharmaceuticals, Biotechnology",Pharmaceuticals,35202010,35,352020,3520
1927294D UN Equity,Industrials,Aerospace & Defense,Capital Goods,Aerospace & Defense,20101010,20,201010,2010
RHT UN Equity,Information Technology,Software,Software & Services,Systems Software,45103020,45,451030,4510
MAT UW Equity,Consumer Discretionary,Leisure Products,Consumer Durables & Apparel,Leisure Products,25202010,25,252020,2520
FLR UN Equity,Industrials,Construction & Engineering,Capital Goods,Construction & Engineering,20103010,20,201030,2010
CPRI UN Equity,Consumer Discretionary,"Textiles, Apparel & Luxury Goo",Consumer Durables & Apparel,"Apparel, Accessories & Luxury",25203010,25,252030,2520
TFCFA UW Equity,Communication Services,Entertainment,Media & Entertainment,Movies & Entertainment,50202010,50,502020,5020
BFH UN Equity,Financials,Consumer Finance,Financial Services,Consumer Finance,40202010,40,402020,4020
NFX UN Equity,Energy,"Oil, Gas & Consumable Fuels",Energy,Oil & Gas Exploration & Produc,10102020,10,101020,1010
GT UW Equity,Consumer Discretionary,Automobile Components,Automobiles & Components,Tires & Rubber,25101020,25,251010,2510
SCG UN Equity,Utilities,Multi-Utilities,Utilities,Multi-Utilities,55103010,55,551030,5510
ESRX UW Equity,Health Care,Health Care Providers & Servic,Health Care Equipment & Servic,Health Care Services,35102015,35,351020,3510
SRCL UW Equity,Industrials,Commercial Services & Supplies,Commercial & Professional Serv,Environmental & Facilities Ser,20201050,20,202010,2020
AET UN Equity,Health Care,Health Care Providers & Servic,Health Care Equipment & Servic,Managed Health Care,35102030,35,351020,3510
COL UN Equity,Industrials,Aerospace & Defense,Capital Goods,Aerospace & Defense,20101010,20,201010,2010
NWL UN Equity,Consumer Discretionary,Household Durables,Consumer Durables & Apparel,Housewares & Specialties,25201050,25,252010,2520
CA UW Equity,Information Technology,Software,Software & Services,Systems Software,45103020,45,451030,4510
1922150D UN Equity,Materials,Chemicals,Materials,Industrial Gases,15101040,15,151010,1510
UAA UN Equity,Consumer Discretionary,"Textiles, Apparel & Luxury Goo",Consumer Durables & Apparel,"Apparel, Accessories & Luxury",25203010,25,252030,2520
1831877D UN Equity,Financials,Insurance,Insurance,Property & Casualty Insurance,40301040,40,403010,4030
ANDV UN Equity,Energy,"Oil, Gas & Consumable Fuels",Energy,Oil & Gas Refining & Marketing,10102030,10,101020,1010
XEC UN Equity,Energy,"Oil, Gas & Consumable Fuels",Energy,Oil & Gas Exploration & Produc,10102020,10,101020,1010
KDP UN Equity,Consumer Staples,Beverages,"Food, Beverage & Tobacco",Soft Drinks & Non-alcoholic Be,30201030,30,302010,3020
DISCK UW Equity,Communication Services,Entertainment,Media & Entertainment,Movies & Entertainment,50202010,50,502020,5020
AMG UN Equity,Financials,Capital Markets,Financial Services,Asset Management & Custody Ban,40203010,40,402030,4020
1856613D UN Equity,Materials,Chemicals,Materials,Fertilizers & Agricultural Che,15101030,15,151010,1510
RRC UN Equity,Energy,"Oil, Gas & Consumable Fuels",Energy,Oil & Gas Exploration & Produc,10102020,10,101020,1010
TWX UN Equity,Communication Services,Entertainment,Media & Entertainment,Movies & Entertainment,50202010,50,502020,5020
TNL UN Equity,Consumer Discretionary,"Hotels, Restaurants & Leisure",Consumer Services,"Hotels, Resorts & Cruise Lines",25301020,25,253010,2530
CHKAQ UN Equity,Energy,"Oil, Gas & Consumable Fuels",Energy,Oil & Gas Exploration & Produc,10102020,10,101020,1010
PDCO UW Equity,Health Care,Health Care Providers & Servic,Health Care Equipment & Servic,Health Care Distributors,35102010,35,351020,3510
BCR UN Equity,Health Care,Health Care Equipment & Suppli,Health Care Equipment & Servic,Health Care Equipment,35101010,35,351010,3510
XEL UN Equity,Utilities,Electric Utilities,Utilities,Electric Utilities,55101010,55,551010,5510
PEP UN Equity,Consumer Staples,Beverages,"Food, Beverage & Tobacco",Soft Drinks & Non-alcoholic Be,30201030,30,302010,3020
PFG UN Equity,Financials,Insurance,Insurance,Life & Health Insurance,40301020,40,403010,4030
HBI UN Equity,Consumer Discretionary,"Textiles, Apparel & Luxury Goo",Consumer Durables & Apparel,"Apparel, Accessories & Luxury",25203010,25,252030,2520
SLG UN Equity,Real Estate,Office REITs,Equity Real Estate Investment,Office REITs,60104010,60,601040,6010
1697067D UN Equity,Materials,Chemicals,Materials,Diversified Chemicals,15101020,15,151010,1510
1715651D UN Equity,Materials,Chemicals,Materials,Diversified Chemicals,15101020,15,151010,1510
GGP UN Equity,Real Estate,Retail REITs,Equity Real Estate Investment,Retail REITs,60107010,60,601070,6010
SPLS UW Equity,Consumer Discretionary,Specialty Retail,Consumer Discretionary Distrib,Other Specialty Retail,25504040,25,255040,2550
WFM UW Equity,Consumer Staples,Consumer Staples Distribution,Consumer Staples Distribution,Food Retail,30101030,30,301010,3010
AN UN Equity,Consumer Discretionary,Specialty Retail,Consumer Discretionary Distrib,Automotive Retail,25504050,25,255040,2550
RAI UN Equity,Consumer Staples,Tobacco,"Food, Beverage & Tobacco",Tobacco,30203010,30,302030,3020
BHI UN Equity,Energy,Energy Equipment & Services,Energy,Oil & Gas Equipment & Services,10101020,10,101010,1010
BBBY UW Equity,Consumer Discretionary,Specialty Retail,Consumer Discretionary Distrib,Homefurnishing Retail,25504060,25,255040,2550
MUR UN Equity,Energy,"Oil, Gas & Consumable Fuels",Energy,Oil & Gas Exploration & Produc,10102020,10,101020,1010
TDC UN Equity,Information Technology,Software,Software & Services,Systems Software,45103020,45,451030,4510
R UN Equity,Industrials,Ground Transportation,Transportation,Cargo Ground Transportation,20304030,20,203040,2030
MJN UN Equity,Consumer Staples,Food Products,"Food, Beverage & Tobacco",Packaged Foods & Meats,30202030,30,302020,3020
TGNA UN Equity,Communication Services,Media,Media & Entertainment,Broadcasting,50201020,50,502010,5020
1518855D US Equity,Communication Services,Interactive Media & Services,Media & Entertainment,Interactive Media & Services,50203010,50,502030,5020
NLSN UN Equity,Industrials,Professional Services,Commercial & Professional Serv,Research & Consulting Services,20202020,20,202020,2020
URBN UW Equity,Consumer Discretionary,Specialty Retail,Consumer Discretionary Distrib,Apparel Retail,25504010,25,255040,2550
SWN UN Equity,Energy,"Oil, Gas & Consumable Fuels",Energy,Oil & Gas Exploration & Produc,10102020,10,101020,1010
HAR UN Equity,Consumer Discretionary,Household Durables,Consumer Durables & Apparel,Consumer Electronics,25201010,25,252010,2520
1806854D UN Equity,Industrials,Professional Services,Commercial & Professional Serv,Research & Consulting Services,20202020,20,202020,2020
PBI UN Equity,Industrials,Commercial Services & Supplies,Commercial & Professional Serv,Office Services & Supplies,20201060,20,202010,2020
FTRCQ UW Equity,Communication Services,Diversified Telecommunication,Telecommunication Services,Integrated Telecommunication S,50101020,50,501010,5010
LLTC UW Equity,Information Technology,Semiconductors & Semiconductor,Semiconductors & Semiconductor,Semiconductors,45301020,45,453010,4530
1539941D UN Equity,Energy,"Oil, Gas & Consumable Fuels",Energy,Oil & Gas Storage & Transporta,10102040,10,101020,1010
NAVI UW Equity,Financials,Consumer Finance,Financial Services,Consumer Finance,40202010,40,402020,4020
STJ UN Equity,Health Care,Health Care Equipment & Suppli,Health Care Equipment & Servic,Health Care Equipment,35101010,35,351010,3510
LM UN Equity,Financials,Capital Markets,Financial Services,Asset Management & Custody Ban,40203010,40,402030,4020
OI UN Equity,Materials,Containers & Packaging,Materials,"Metal, Glass & Plastic Contain",15103010,15,151030,1510
AA UN Equity,Materials,Metals & Mining,Materials,Aluminum,15104010,15,151040,1510
CXO UN Equity,Energy,"Oil, Gas & Consumable Fuels",Energy,Oil & Gas Exploration & Produc,10102020,10,101020,1010
EMC UN Equity,Information Technology,"Technology Hardware, Storage &",Technology Hardware & Equipmen,"Technology Hardware, Storage &",45202030,45,452020,4520
DOFSQ UN Equity,Energy,Energy Equipment & Services,Energy,Oil & Gas Drilling,10101010,10,101010,1010
UA UN Equity,Consumer Discretionary,"Textiles, Apparel & Luxury Goo",Consumer Durables & Apparel,"Apparel, Accessories & Luxury",25203010,25,252030,2520
1436513D UN Equity,#N/A N/A,#N/A N/A,#N/A N/A,#N/A N/A,#N/A N/A,#N/A N/A,#N/A N/A,#N/A N/A
HOT UN Equity,Consumer Discretionary,"Hotels, Restaurants & Leisure",Consumer Services,"Hotels, Resorts & Cruise Lines",25301020,25,253010,2530
RIG UN Equity,Energy,Energy Equipment & Services,Energy,Oil & Gas Drilling,10101010,10,101010,1010
GAS UN Equity,Utilities,Gas Utilities,Utilities,Gas Utilities,55102010,55,551020,5510
FBIN UN Equity,Industrials,Building Products,Capital Goods,Building Products,20102010,20,201020,2010
1500785D UN Equity,Utilities,Multi-Utilities,Utilities,Multi-Utilities,55103010,55,551030,5510
CVC UN Equity,Communication Services,Media,Media & Entertainment,Cable & Satellite,50201030,50,502010,5020
1566019D UN Equity,Industrials,Commercial Services & Supplies,Commercial & Professional Serv,Security & Alarm Services,20201080,20,202010,2020
SNDK UW Equity,Information Technology,"Technology Hardware, Storage &",Technology Hardware & Equipmen,"Technology Hardware, Storage &",45202030,45,452020,4520
ARG UN Equity,Materials,Chemicals,Materials,Industrial Gases,15101040,15,151010,1510
TFCF UW Equity,Communication Services,Entertainment,Media & Entertainment,Movies & Entertainment,50202010,50,502020,5020
CCEP UN Equity,Consumer Staples,Beverages,"Food, Beverage & Tobacco",Soft Drinks & Non-alcoholic Be,30201030,30,302010,3020
TWC UN Equity,Communication Services,Media,Media & Entertainment,Cable & Satellite,50201030,50,502010,5020
FL UN Equity,Consumer Discretionary,Specialty Retail,Consumer Discretionary Distrib,Apparel Retail,25504010,25,255040,2550
THC UN Equity,Health Care,Health Care Providers & Servic,Health Care Equipment & Servic,Health Care Facilities,35102020,35,351020,3510
COTY UN Equity,Consumer Staples,Personal Care Products,Household & Personal Products,Personal Care Products,30302010,30,303020,3030
CAM UN Equity,Energy,Energy Equipment & Services,Energy,Oil & Gas Equipment & Services,10101020,10,101010,1010
GME UN Equity,Consumer Discretionary,Specialty Retail,Consumer Discretionary Distrib,Computer & Electronics Retail,25504020,25,255040,2550
PCP UN Equity,Industrials,Aerospace & Defense,Capital Goods,Aerospace & Defense,20101010,20,201010,2010
BRCM UW Equity,Information Technology,Semiconductors & Semiconductor,Semiconductors & Semiconductor,Semiconductors,45301020,45,453010,4530
SNI UN Equity,Communication Services,Media,Media & Entertainment,Broadcasting,50201020,50,502010,5020
POM UN Equity,Utilities,Electric Utilities,Utilities,Electric Utilities,55101010,55,551010,5510
PCL UN Equity,#N/A N/A,#N/A N/A,#N/A N/A,#N/A N/A,#N/A N/A,#N/A N/A,#N/A N/A,#N/A N/A
CNX UN Equity,Energy,"Oil, Gas & Consumable Fuels",Energy,Oil & Gas Exploration & Produc,10102020,10,101020,1010
VALPQ UN Equity,Energy,Energy Equipment & Services,Energy,Oil & Gas Drilling,10101010,10,101010,1010
9876566D UN Equity,Financials,Insurance,Insurance,Property & Casualty Insurance,40301040,40,403010,4030
FOSL UW Equity,Consumer Discretionary,"Textiles, Apparel & Luxury Goo",Consumer Durables & Apparel,"Apparel, Accessories & Luxury",25203010,25,252030,2520
CSC UN Equity,Information Technology,IT Services,Software & Services,IT Consulting & Other Services,45102010,45,451020,4510
1541931D UW Equity,Information Technology,Semiconductors & Semiconductor,Semiconductors & Semiconductor,Semiconductors,45301020,45,453010,4530
CSX UN Equity,Industrials,Ground Transportation,Transportation,Rail Transportation,20304010,20,203040,2030
GNW UN Equity,Financials,Insurance,Insurance,Life & Health Insurance,40301020,40,403010,4030
HCBK UW Equity,#N/A N/A,#N/A N/A,#N/A N/A,#N/A N/A,#N/A N/A,#N/A N/A,#N/A N/A,#N/A N/A
SIAL UW Equity,Materials,Chemicals,Materials,Specialty Chemicals,15101050,15,151010,1510
JOY UN Equity,Industrials,Machinery,Capital Goods,Construction Machinery & Heavy,20106010,20,201060,2010
UAL UN Equity,Industrials,Passenger Airlines,Transportation,Passenger Airlines,20302010,20,203020,2030
HSP UN Equity,Health Care,Pharmaceuticals,"Pharmaceuticals, Biotechnology",Pharmaceuticals,35202010,35,352020,3520
MNKKQ UN Equity,Health Care,Pharmaceuticals,"Pharmaceuticals, Biotechnology",Pharmaceuticals,35202010,35,352020,3520
LVLT UN Equity,Communication Services,Diversified Telecommunication,Telecommunication Services,Alternative Carriers,50101010,50,501010,5010
1684442D UN Equity,Industrials,Machinery,Capital Goods,Industrial Machinery & Supplie,20106020,20,201060,2010
BKR UN Equity,Energy,Energy Equipment & Services,Energy,Oil & Gas Equipment & Services,10101020,10,101010,1010
1448062D UW Equity,Communication Services,Media,Media & Entertainment,Cable & Satellite,50201030,50,502010,5020
ATI UN Equity,Materials,Metals & Mining,Materials,Steel,15104050,15,151040,1510
KRFT UW Equity,Consumer Staples,Food Products,"Food, Beverage & Tobacco",Packaged Foods & Meats,30202030,30,302020,3020
TEG UN Equity,Utilities,Multi-Utilities,Utilities,Multi-Utilities,55103010,55,551030,5510
NEBLQ UN Equity,Energy,Energy Equipment & Services,Energy,Oil & Gas Drilling,10101010,10,101010,1010
DRE UN Equity,Real Estate,Industrial REITs,Equity Real Estate Investment,Industrial REITs,60102510,60,601025,6010
QEP UN Equity,Energy,"Oil, Gas & Consumable Fuels",Energy,Oil & Gas Exploration & Produc,10102020,10,101020,1010
MWV UN Equity,Materials,Containers & Packaging,Materials,Paper & Plastic Packaging Prod,15103020,15,151030,1510
FDO UN Equity,#N/A N/A,#N/A N/A,#N/A N/A,#N/A N/A,#N/A N/A,#N/A N/A,#N/A N/A,#N/A N/A
1288453D UW Equity,Consumer Staples,Beverages,"Food, Beverage & Tobacco",Soft Drinks & Non-alcoholic Be,30201030,30,302010,3020
LO UN Equity,Consumer Staples,Tobacco,"Food, Beverage & Tobacco",Tobacco,30203010,30,302030,3020
SIG UN Equity,Consumer Discretionary,Specialty Retail,Consumer Discretionary Distrib,Other Specialty Retail,25504040,25,255040,2550
LNT UN Equity,Utilities,Electric Utilities,Utilities,Electric Utilities,55101010,55,551010,5510
WINMQ UW Equity,Communication Services,Diversified Telecommunication,Telecommunication Services,Integrated Telecommunication S,50101020,50,501010,5010
PETM UW Equity,Consumer Discretionary,Specialty Retail,Consumer Discretionary Distrib,Other Specialty Retail,25504040,25,255040,2550
1284849D UN Equity,Health Care,Pharmaceuticals,"Pharmaceuticals, Biotechnology",Pharmaceuticals,35202010,35,352020,3520
AVP UN Equity,Consumer Staples,Personal Care Products,Household & Personal Products,Personal Care Products,30302010,30,303020,3030
DNRCQ UN Equity,Energy,"Oil, Gas & Consumable Fuels",Energy,Oil & Gas Exploration & Produc,10102020,10,101020,1010
CFN UN Equity,Health Care,Health Care Equipment & Suppli,Health Care Equipment & Servic,Health Care Equipment,35101010,35,351010,3510
CSRA UN Equity,Information Technology,IT Services,Software & Services,IT Consulting & Other Services,45102010,45,451020,4510
NBR UN Equity,Energy,Energy Equipment & Services,Energy,Oil & Gas Drilling,10101010,10,101010,1010
INFO UW Equity,Industrials,Professional Services,Commercial & Professional Serv,Research & Consulting Services,20202020,20,202020,2020
9876549D UN Equity,Industrials,Professional Services,Commercial & Professional Serv,Research & Consulting Services,20202020,20,202020,2020
SWY UN Equity,Consumer Staples,Consumer Staples Distribution,Consumer Staples Distribution,Food Retail,30101030,30,301010,3010
COV UN Equity,Health Care,Health Care Equipment & Suppli,Health Care Equipment & Servic,Health Care Equipment,35101010,35,351010,3510
ENDPQ UW Equity,Health Care,Pharmaceuticals,"Pharmaceuticals, Biotechnology",Pharmaceuticals,35202010,35,352020,3520
AYI UN Equity,Industrials,Electrical Equipment,Capital Goods,Electrical Components & Equipm,20104010,20,201040,2010
GMCR UW Equity,Consumer Staples,Food Products,"Food, Beverage & Tobacco",Packaged Foods & Meats,30202030,30,302020,3020
BMS UN Equity,Materials,Containers & Packaging,Materials,Paper & Plastic Packaging Prod,15103020,15,151030,1510
WBA UN Equity,Consumer Staples,Consumer Staples Distribution,Consumer Staples Distribution,Drug Retail,30101010,30,301010,3010
SNI UW Equity,Communication Services,Media,Media & Entertainment,Broadcasting,50201020,50,502010,5020
JBL UN Equity,Information Technology,"Electronic Equipment, Instrume",Technology Hardware & Equipmen,Electronic Manufacturing Servi,45203020,45,452030,4520
IPGP UW Equity,Information Technology,"Electronic Equipment, Instrume",Technology Hardware & Equipmen,Electronic Manufacturing Servi,45203020,45,452030,4520
SIVBQ UW Equity,Financials,Banks,Banks,Diversified Banks,40101010,40,401010,4010
EVHC UN Equity,Health Care,Health Care Providers & Servic,Health Care Equipment & Servic,Health Care Services,35102015,35,351020,3510
ABMD UW Equity,Health Care,Health Care Equipment & Suppli,Health Care Equipment & Servic,Health Care Equipment,35101010,35,351010,3510
GHC UN Equity,Consumer Discretionary,Diversified Consumer Services,Consumer Services,Education Services,25302010,25,253020,2530
BHF UW Equity,Financials,Insurance,Insurance,Life & Health Insurance,40301020,40,403010,4030
BTUUQ UN Equity,Energy,"Oil, Gas & Consumable Fuels",Energy,Coal & Consumable Fuels,10102050,10,101020,1010
TWTR UN Equity,Communication Services,Interactive Media & Services,Media & Entertainment,Interactive Media & Services,50203010,50,502030,5020
HFC UN Equity,Energy,"Oil, Gas & Consumable Fuels",Energy,Oil & Gas Refining & Marketing,10102030,10,101020,1010
RDC UN Equity,Energy,Energy Equipment & Services,Energy,Oil & Gas Drilling,10101010,10,101010,1010
REG UN Equity,Real Estate,Retail REITs,Equity Real Estate Investment,Retail REITs,60107010,60,601070,6010
NKTR UW Equity,Health Care,Pharmaceuticals,"Pharmaceuticals, Biotechnology",Pharmaceuticals,35202010,35,352020,3520
EVRG UN Equity,Utilities,Electric Utilities,Utilities,Electric Utilities,55101010,55,551010,5510
AMD UR Equity,Information Technology,Semiconductors & Semiconductor,Semiconductors & Semiconductor,Semiconductors,45301020,45,453010,4530
1858968D UN Equity,#N/A N/A,#N/A N/A,#N/A N/A,#N/A N/A,#N/A N/A,#N/A N/A,#N/A N/A,#N/A N/A
X UN Equity,Materials,Metals & Mining,Materials,Steel,15104050,15,151040,1510
CBOE UW Equity,Financials,Capital Markets,Financial Services,Financial Exchanges & Data,40203040,40,402030,4020
9876544D UN Equity,Consumer Discretionary,"Hotels, Restaurants & Leisure",Consumer Services,Casinos & Gaming,25301010,25,253010,2530
WCG UN Equity,Health Care,Health Care Providers & Servic,Health Care Equipment & Servic,Managed Health Care,35102030,35,351020,3510
SLM UW Equity,Financials,Consumer Finance,Financial Services,Consumer Finance,40202010,40,402020,4020
1431816D UW Equity,#N/A N/A,#N/A N/A,#N/A N/A,#N/A N/A,#N/A N/A,#N/A N/A,#N/A N/A,#N/A N/A
1752754D UN Equity,#N/A N/A,#N/A N/A,#N/A N/A,#N/A N/A,#N/A N/A,#N/A N/A,#N/A N/A,#N/A N/A
CLF UN Equity,Materials,Metals & Mining,Materials,Steel,15104050,15,151040,1510
WPX UN Equity,Energy,"Oil, Gas & Consumable Fuels",Energy,Oil & Gas Exploration & Produc,10102020,10,101020,1010
MXIM UW Equity,Information Technology,Semiconductors & Semiconductor,Semiconductors & Semiconductor,Semiconductors,45301020,45,453010,4530
1255459D UW Equity,#N/A N/A,#N/A N/A,#N/A N/A,#N/A N/A,#N/A N/A,#N/A N/A,#N/A N/A,#N/A N/A
TER UN Equity,Information Technology,Semiconductors & Semiconductor,Semiconductors & Semiconductor,Semiconductor Materials & Equi,45301010,45,453010,4530
VIAV UW Equity,Information Technology,Communications Equipment,Technology Hardware & Equipmen,Communications Equipment,45201020,45,452010,4520
CPGX UN Equity,Energy,"Oil, Gas & Consumable Fuels",Energy,Oil & Gas Storage & Transporta,10102040,10,101020,1010
CPPRQ UN Equity,#N/A N/A,#N/A N/A,#N/A N/A,#N/A N/A,#N/A N/A,#N/A N/A,#N/A N/A,#N/A N/A
MOLX UW Equity,#N/A N/A,#N/A N/A,#N/A N/A,#N/A N/A,#N/A N/A,#N/A N/A,#N/A N/A,#N/A N/A
ANF UN Equity,Consumer Discretionary,Specialty Retail,Consumer Discretionary Distrib,Apparel Retail,25504010,25,255040,2550
2071296D UN Equity,#N/A N/A,#N/A N/A,#N/A N/A,#N/A N/A,#N/A N/A,#N/A N/A,#N/A N/A,#N/A N/A
BXLT UN Equity,Health Care,Biotechnology,"Pharmaceuticals, Biotechnology",Biotechnology,35201010,35,352010,3520
1683997D UW Equity,#N/A N/A,#N/A N/A,#N/A N/A,#N/A N/A,#N/A N/A,#N/A N/A,#N/A N/A,#N/A N/A
MAR UN Equity,Consumer Discretionary,"Hotels, Restaurants & Leisure",Consumer Services,"Hotels, Resorts & Cruise Lines",25301020,25,253010,2530
AMD UN Equity,Information Technology,Semiconductors & Semiconductor,Semiconductors & Semiconductor,Semiconductors,45301020,45,453010,4530
BMC UW Equity,#N/A N/A,#N/A N/A,#N/A N/A,#N/A N/A,#N/A N/A,#N/A N/A,#N/A N/A,#N/A N/A
0848680D UN Equity,#N/A N/A,#N/A N/A,#N/A N/A,#N/A N/A,#N/A N/A,#N/A N/A,#N/A N/A,#N/A N/A
APOL UW Equity,Consumer Discretionary,Diversified Consumer Services,Consumer Services,Education Services,25302010,25,253020,2530
INFO UN Equity,Industrials,Professional Services,Commercial & Professional Serv,Research & Consulting Services,20202020,20,202020,2020
ORCL UW Equity,Information Technology,Software,Software & Services,Systems Software,45103020,45,451030,4510
FHN UN Equity,Financials,Banks,Banks,Regional Banks,40101015,40,401010,4010
HNZ UN Equity,#N/A N/A,#N/A N/A,#N/A N/A,#N/A N/A,#N/A N/A,#N/A N/A,#N/A N/A,#N/A N/A
PRGO UW Equity,Health Care,Pharmaceuticals,"Pharmaceuticals, Biotechnology",Pharmaceuticals,35202010,35,352020,3520
CVH UN Equity,#N/A N/A,#N/A N/A,#N/A N/A,#N/A N/A,#N/A N/A,#N/A N/A,#N/A N/A,#N/A N/A
DFODQ UN Equity,Consumer Staples,Food Products,"Food, Beverage & Tobacco",Packaged Foods & Meats,30202030,30,302020,3020
TMUS UN Equity,Communication Services,Wireless Telecommunication Ser,Telecommunication Services,Wireless Telecommunication Ser,50102010,50,501020,5010
CMCSK UW Equity,Communication Services,Media,Media & Entertainment,Cable & Satellite,50201030,50,502010,5020
NCLH UW Equity,Consumer Discretionary,"Hotels, Restaurants & Leisure",Consumer Services,"Hotels, Resorts & Cruise Lines",25301020,25,253010,2530
ANDV US Equity,Energy,"Oil, Gas & Consumable Fuels",Energy,Oil & Gas Refining & Marketing,10102030,10,101020,1010
BIG UN Equity,Consumer Discretionary,Broadline Retail,Consumer Discretionary Distrib,Broadline Retail,25503030,25,255030,2550
ADNT UN Equity,Consumer Discretionary,Automobile Components,Automobiles & Components,Automotive Parts & Equipment,25101010,25,251010,2510
NBL UW Equity,Energy,"Oil, Gas & Consumable Fuels",Energy,Oil & Gas Exploration & Produc,10102020,10,101020,1010
