Date,Open,High,Low,Close,Volume,ret
2019-03-01,2252.69,2314.4,2242.27,2270.55,16502416384.0,
2019-03-02,2267.58,2299.79,2229.98,2264.47,16396972032.0,-0.0026777652991567535
2019-03-03,2264.48,2285.93,2228.49,2244.83,15152706560.0,-0.008673111147420753
2019-03-04,2243.75,2257.43,2129.69,2169.79,19090982912.0,-0.03342792104524617
2019-03-05,2170.52,2321.21,2152.14,2309.16,22333294592.0,0.06423202245378579
2019-03-06,2309.69,2341.05,2268.44,2317.06,20679698432.0,0.003421157477177861
2019-03-07,2316.76,2369.78,2297.1,2330.8,21138964480.0,0.005929928443803911
2019-03-08,2333.61,2367.62,2269.63,2297.14,22217127936.0,-0.014441393512957035
2019-03-09,2295.03,2389.91,2285.49,2357.97,23036954624.0,0.02648075432929642
2019-03-10,2360.66,2388.94,2314.62,2356.29,20438972416.0,-0.0007124772579802929
2019-03-11,2356.17,2386.83,2294.12,2322.29,21405884416.0,-0.01442946326640604
2019-03-12,2323.7,2384.6,2276.46,2364.43,20903133184.0,0.018145881866605817
2019-03-13,2366.52,2398.98,2328.8,2358.48,20097615872.0,-0.0025164627415485974
2019-03-14,2356.95,2419.78,2337.7,2385.29,23189782528.0,0.011367490926359247
2019-03-15,2384.2,2449.9,2371.39,2429.42,20189663232.0,0.01850089506936259
2019-03-16,2430.08,2527.35,2424.65,2498.73,22103277568.0,0.028529443241596786
2019-03-17,2498.17,2510.45,2445.76,2473.2,17713264640.0,-0.010217190332689086
2019-03-18,2475.09,2521.25,2440.5,2474.77,21476997120.0,0.0006348051107876174
2019-03-19,2474.73,2521.23,2453.55,2502.82,20206903296.0,0.011334386629868742
2019-03-20,2503.71,2539.34,2451.41,2521.75,22108733440.0,0.00756346840763622
2019-03-21,2522.0,2562.13,2424.93,2483.4,23325181952.0,-0.015207693070288464
2019-03-22,2480.88,2540.41,2458.63,2504.45,20238983168.0,0.008476282515905487
2019-03-23,2502.92,2566.03,2485.9,2540.89,20958005248.0,0.014550100820539535
2019-03-24,2539.82,2568.79,2488.21,2527.95,20379906048.0,-0.005092703737666793
2019-03-25,2529.68,2548.09,2439.49,2475.61,22098812928.0,-0.02070452342807405
2019-03-26,2474.87,2497.51,2423.89,2483.05,22164926464.0,0.0030053199009536513
2019-03-27,2482.35,2605.46,2473.39,2596.99,25651437568.0,0.04588711463724038
2019-03-28,2596.3,2619.68,2547.46,2585.06,20935454720.0,-0.004593779721908775
2019-03-29,2584.77,2657.02,2551.75,2624.17,24274946048.0,0.015129242648139751
2019-03-30,2621.66,2745.91,2570.56,2623.22,22491594752.0,-0.00036201922893730476
2019-03-31,2600.65,2643.42,2575.11,2620.93,20031553536.0,-0.0008729729111549567
2019-04-01,2620.01,2698.5,2601.73,2666.53,22286966784.0,0.01739840438317719
2019-04-02,2666.66,3114.67,2649.29,3087.3,48807452672.0,0.15779683708790082
2019-04-03,3088.26,3461.98,2980.08,3125.05,57961009152.0,0.012227512713374189
2019-04-04,3125.56,3266.36,2996.73,3097.19,42565496832.0,-0.008915057359082268
2019-04-05,3097.23,3288.31,3082.42,3247.47,38134050816.0,0.04852140165763141
2019-04-06,3247.75,3366.0,3162.82,3242.45,37652054016.0,-0.001545818745053884
2019-04-07,3241.63,3386.67,3203.17,3334.72,38174851072.0,0.028456876744437087
2019-04-08,3335.92,3427.76,3204.34,3315.82,41034166272.0,-0.005667642260819394
2019-04-09,3315.67,3336.59,3184.83,3235.11,34072641536.0,-0.024340887020405266
2019-04-10,3234.54,3376.33,3217.61,3293.51,35823681536.0,0.01805193641019942
2019-04-11,3293.62,3311.92,2956.46,3049.91,39234572288.0,-0.07396364365069497
2019-04-12,3048.82,3109.54,2945.21,3062.32,30766893056.0,0.004068972527058179
2019-04-13,3061.8,3111.03,3013.15,3057.58,24649738240.0,-0.0015478460774838165
2019-04-14,3057.25,3150.82,3009.25,3125.8,23662430208.0,0.022311762897454956
2019-04-15,3126.08,3193.13,2990.17,3047.47,29369868288.0,-0.02505918484867886
2019-04-16,3047.51,3150.63,3006.28,3131.96,25929433088.0,0.02772463715803619
2019-04-17,3131.65,3178.32,3073.0,3125.99,27066077184.0,-0.0019061546124472528
2019-04-18,3125.98,3232.06,3106.87,3186.61,30246842368.0,0.01939225653313037
2019-04-19,3186.79,3231.46,3109.28,3187.75,30201165824.0,0.0003577469473829975
2019-04-20,3188.34,3233.19,3137.76,3182.93,28149633024.0,-0.0015120382715081426
2019-04-21,3182.69,3211.7,3037.28,3107.37,30246002688.0,-0.023739133439943716
2019-04-22,3106.41,3173.27,3059.78,3131.2,30411165696.0,0.007668864666904751
2019-04-23,3131.33,3237.64,3079.0,3122.51,34397810688.0,-0.0027752938170667596
2019-04-24,3121.35,3147.48,2918.87,2998.11,38023151616.0,-0.03983974430826487
2019-04-25,2998.57,3057.94,2822.69,2842.6,32844027904.0,-0.05186934435360946
2019-04-26,2845.36,2942.19,2781.85,2887.13,35633602560.0,0.015665236051502163
2019-04-27,2887.38,2938.74,2849.91,2897.02,26971803648.0,0.003425547169680465
2019-04-28,2898.49,2938.76,2850.46,2880.58,26349191168.0,-0.005674796860221876
2019-04-29,2880.82,2915.96,2778.58,2815.76,29362604032.0,-0.02250241270855169
2019-04-30,2816.82,2958.6,2797.74,2941.74,31095259136.0,0.04474102906497701
2019-05-01,2941.64,2995.18,2898.58,2945.89,29466257408.0,0.0014107297041887623
2019-05-02,2946.39,3010.18,2914.15,2971.42,30771570688.0,0.008666311369399438
2019-05-03,2970.95,3134.02,2945.19,3077.63,38900330496.0,0.035743853107268686
2019-05-04,3076.8,3145.68,2951.61,3028.84,36960157696.0,-0.0158531077484948
2019-05-05,3029.05,3053.54,2956.57,3000.2,30622609408.0,-0.009455765243459702
2019-05-06,2999.25,3053.36,2895.31,3000.12,34338390016.0,-2.666488900737729e-05
2019-05-07,2998.55,3107.99,2952.99,2974.17,37726265344.0,-0.008649654013839436
2019-05-08,2974.79,3041.64,2919.08,3014.22,31478046720.0,0.013465941758540989
2019-05-09,3014.8,3070.8,2909.09,2967.8,32848889856.0,-0.015400335741916571
2019-05-10,2968.41,3093.86,2923.94,3047.74,39101452288.0,0.026935777343486622
2019-05-11,3048.17,3532.85,3034.77,3416.69,61953961984.0,0.12105691430371368
2019-05-12,3418.09,3535.48,3212.97,3287.15,57865752576.0,-0.03791388741735424
2019-05-13,3287.5,3647.05,3256.39,3527.86,56832196608.0,0.07322756795400265
2019-05-14,3527.1,3866.79,3479.72,3778.44,68709609472.0,0.07102889570447801
2019-05-15,3779.04,4188.74,3746.49,4161.25,64478298112.0,0.10131429902287725
2019-05-16,4156.93,4417.2,3889.55,4047.62,79451021312.0,-0.02730669870832081
2019-05-17,4048.36,4096.82,3557.96,3780.24,68584812544.0,-0.06605857269210058
2019-05-18,3784.33,3864.53,3667.83,3722.32,46427103232.0,-0.015321778511417139
2019-05-19,3721.05,4181.95,3703.77,4132.44,56285646848.0,0.11017859829353727
2019-05-20,4132.99,4140.96,3837.56,3999.09,50872324096.0,-0.03226907105729293
2019-05-21,3998.5,4211.82,3916.51,4084.79,52239020032.0,0.021429875296629985
2019-05-22,4083.58,4146.62,3848.9,3889.29,50200940544.0,-0.04786047752760847
2019-05-23,3886.62,3991.89,3746.0,3956.5,49301377024.0,0.017280789038616406
2019-05-24,3956.42,4137.09,3898.43,4027.23,52951330816.0,0.017876911411601082
2019-05-25,4029.64,4122.16,3983.66,4045.36,45092900864.0,0.004501853631404318
2019-05-26,4045.16,4345.24,3951.53,4306.27,54088302592.0,0.06449611406648614
2019-05-27,4306.34,4571.91,4272.21,4480.98,63924547584.0,0.040571074270772334
2019-05-28,4477.65,4566.9,4354.73,4485.14,54670770176.0,0.0009283683479954785
2019-05-29,4484.19,4680.13,4296.52,4583.12,52830375936.0,0.021845471936216
2019-05-30,4580.69,4888.16,4254.57,4366.28,67925254144.0,-0.04731274764789051
2019-05-31,4367.01,4593.91,4259.95,4575.48,56823283712.0,0.04791263959251357
2019-06-01,4576.13,4666.48,4448.88,4534.57,51852570624.0,-0.008941138416078687
2019-06-02,4537.56,4711.44,4508.66,4640.73,45913194496.0,0.023411260604643935
2019-06-03,4639.77,4721.17,4316.29,4369.32,51060854784.0,-0.058484333283772116
2019-06-04,4367.38,4396.75,3993.91,4121.09,55020482560.0,-0.05681204397938344
2019-06-05,4122.32,4252.75,4046.39,4174.02,47423909888.0,0.012843689412267212
2019-06-06,4172.22,4267.91,3981.67,4190.64,43719831552.0,0.003981772967067698
2019-06-07,4190.88,4375.56,4145.67,4295.4,43901296640.0,0.0249985682377869
2019-06-08,4295.07,4348.73,4152.6,4237.17,38251642880.0,-0.013556362620477658
2019-06-09,4234.93,4260.06,3981.38,4057.97,38273400832.0,-0.04229237911152972
2019-06-10,4056.5,4293.6,3994.74,4260.21,42933903360.0,0.04983772674514597
2019-06-11,4262.77,4306.03,4111.08,4229.9,39077101568.0,-0.007114672750873852
2019-06-12,4231.42,4422.46,4186.11,4377.27,43501285376.0,0.034840067141067355
2019-06-13,4376.4,4493.91,4291.76,4370.64,43284729856.0,-0.0015146426882509667
2019-06-14,4369.31,4494.79,4250.43,4448.03,43701510144.0,0.017706788937089213
2019-06-15,4448.59,4566.13,4402.32,4519.08,41164406784.0,0.015973363489005354
2019-06-16,4517.51,4705.91,4471.99,4574.6,49757097984.0,0.01228568646715722
2019-06-17,4573.09,4770.89,4545.77,4687.28,34611671040.0,0.024631661784636716
2019-06-18,4688.07,4731.06,4495.83,4564.9,35674181632.0,-0.026108958713795705
2019-06-19,4565.11,4678.65,4540.22,4629.44,31974526976.0,0.014138316282941599
2019-06-20,4629.3,4709.12,4512.63,4630.64,37317537792.0,0.0002592106172669695
2019-06-21,4630.6,4873.01,4620.14,4833.63,44676567040.0,0.04383627317174299
2019-06-22,4840.43,5315.27,4805.61,5102.6,64521740288.0,0.05564555003175675
2019-06-23,5102.07,5283.97,4999.02,5074.05,45719089152.0,-0.005595186767530347
2019-06-24,5074.99,5177.48,4940.63,5122.33,42416123904.0,0.009515081640898204
2019-06-25,5124.07,5347.35,5025.16,5270.41,52092190720.0,0.02890871927423655
2019-06-26,5269.07,5776.57,5064.97,5374.46,88848457728.0,0.019742297088841232
2019-06-27,5377.3,5476.35,4462.64,4715.26,78067924992.0,-0.12265418293186658
2019-06-28,4715.88,5112.46,4636.1,5063.63,66326777856.0,0.07388139784444547
2019-06-29,5063.96,5189.29,4788.9,5108.19,59439923200.0,0.00880001105925965
2019-06-30,5157.45,5242.2,4675.46,4692.76,55063597056.0,-0.0813262623355826
2019-07-01,4686.84,4894.24,4459.26,4716.5,57930739712.0,0.005058856621689589
2019-07-02,4715.43,4814.9,4369.24,4696.95,59475488768.0,-0.004145022792324871
2019-07-03,4699.88,4981.09,4672.87,4946.88,56570327040.0,0.053211126369239636
2019-07-04,4947.28,5008.3,4679.92,4722.76,49254682624.0,-0.04530532375962215
2019-07-05,4721.29,4841.4,4623.98,4706.06,46666391552.0,-0.0035360678925034916
2019-07-06,4706.83,4906.81,4673.69,4742.59,41349365760.0,0.007762331971967962
2019-07-07,4744.78,4923.53,4699.11,4876.54,39412592640.0,0.028244060734746057
2019-07-08,4876.66,5068.89,4815.21,5004.93,45685944320.0,0.02632809327925134
2019-07-09,5005.25,5128.81,4889.37,4978.72,52089159680.0,-0.005236836479231455
2019-07-10,4978.77,5106.46,4556.74,4714.37,62755946496.0,-0.05309597647588138
2019-07-11,4712.66,4736.29,4222.25,4347.83,56330620928.0,-0.07774951902375082
2019-07-12,4350.29,4638.07,4258.67,4523.36,45473038336.0,0.04037186366532275
2019-07-13,4521.99,4552.25,4211.25,4355.81,39673974784.0,-0.037041049131618764
2019-07-14,4356.63,4386.46,3842.16,3859.37,44465975296.0,-0.11397191337546875
2019-07-15,3860.82,4071.3,3656.53,3990.74,50794414080.0,0.034039234382813754
2019-07-16,3990.28,4052.3,3433.38,3479.1,48052248576.0,-0.12820679873908092
2019-07-17,3475.34,3779.0,3375.01,3641.43,51164876800.0,0.046658618608260705
2019-07-18,3642.02,4014.89,3555.18,3963.23,50220457984.0,0.0883718758839247
2019-07-19,3961.65,4023.17,3792.96,3933.24,40874201088.0,-0.0075670602008968135
2019-07-20,3933.94,4211.52,3909.1,4092.82,40922681344.0,0.04057214916964136
2019-07-21,4094.42,4156.68,3931.12,4048.85,34579386368.0,-0.010743203952287228
2019-07-22,4048.69,4105.1,3850.27,3942.59,33329256448.0,-0.0262444891759388
2019-07-23,3943.36,3985.37,3734.3,3794.14,35887415296.0,-0.03765291344014987
2019-07-24,3791.29,3893.52,3654.53,3835.21,37448511488.0,0.010824587390027895
2019-07-25,3834.49,3946.87,3787.83,3835.03,33148706816.0,-4.69335447080832e-05
2019-07-26,3835.57,3895.95,3746.83,3871.59,29955065856.0,0.009533171839594567
2019-07-27,3871.86,3956.16,3644.69,3693.95,33647132672.0,-0.04588295764789152
2019-07-28,3695.59,3743.36,3566.8,3702.29,28353464320.0,0.0022577457734944684
2019-07-29,3701.3,3760.91,3644.64,3680.39,28345933824.0,-0.005915257853922884
2019-07-30,3686.77,3776.53,3625.68,3715.98,28164933632.0,0.009670170824287672
2019-07-31,3714.34,3870.23,3705.73,3844.03,32780539904.0,0.0344592812663147
2019-08-01,3843.53,3913.07,3747.55,3870.0,32620664832.0,0.006755930624890993
2019-08-02,3870.69,3948.76,3802.47,3856.95,33078007808.0,-0.0033720930232558066
2019-08-03,3857.48,3982.68,3837.16,3919.19,29818454016.0,0.01613710315145389
2019-08-04,3919.64,3981.74,3839.26,3929.38,30141927424.0,0.0026000270464050512
2019-08-05,3927.82,4178.02,3914.68,4092.47,43698995200.0,0.04150527564144979
2019-08-06,4094.53,4193.19,3873.69,3934.77,42051584000.0,-0.03853418595615843
2019-08-07,3935.17,4062.38,3877.23,3985.32,39081406464.0,0.012847002493157289
2019-08-08,3986.98,4043.19,3847.96,3958.54,35454009344.0,-0.006719661156444179
2019-08-09,3957.41,3987.23,3769.43,3821.75,35433922560.0,-0.03455566951451794
2019-08-10,3821.34,3909.95,3711.41,3784.36,34909794304.0,-0.009783476156211113
2019-08-11,3784.4,3925.07,3760.8,3889.66,31729184768.0,0.027825048356921567
2019-08-12,3890.47,3904.34,3797.64,3818.41,27854014464.0,-0.018317796414082488
2019-08-13,3819.37,3852.55,3675.04,3733.21,32014743552.0,-0.022312952249758378
2019-08-14,3731.45,3770.75,3383.78,3410.09,39492288512.0,-0.08655285933553158
2019-08-15,3411.39,3526.09,3258.38,3476.14,43941634048.0,0.019368990261253938
2019-08-16,3477.43,3517.04,3325.3,3448.7,37185454080.0,-0.007893813252630832
2019-08-17,3448.1,3492.15,3370.39,3429.68,27123515392.0,-0.005515121640038312
2019-08-18,3430.63,3587.39,3393.84,3533.6,27820646400.0,0.030300202934384624
2019-08-19,3534.49,3671.49,3501.56,3644.64,30807728128.0,0.03142404346841743
2019-08-20,3644.15,3660.91,3516.41,3563.69,30176968704.0,-0.02221069845032697
2019-08-21,3563.77,3576.83,3321.14,3396.78,37703127040.0,-0.04683628486203906
2019-08-22,3396.67,3511.51,3312.62,3460.43,35941216256.0,0.01873833454035867
2019-08-23,3460.01,3556.33,3422.35,3522.72,32383934464.0,0.018000653098025454
2019-08-24,3522.03,3544.88,3393.62,3467.1,30790502400.0,-0.015788935822319106
2019-08-25,3466.37,3527.89,3384.5,3432.52,28807843840.0,-0.009973753280839825
2019-08-26,3430.56,3548.5,3409.59,3472.95,36196700160.0,0.011778518406301952
2019-08-27,3473.32,3489.95,3377.29,3424.44,29747945472.0,-0.013967952317194277
2019-08-28,3427.61,3452.61,3194.84,3221.05,34985197568.0,-0.059393652684818554
2019-08-29,3221.82,3239.2,3067.83,3121.22,34972381184.0,-0.03099299917728704
2019-08-30,3122.83,3183.59,3075.82,3144.67,28135235584.0,0.0075130878310405436
2019-08-31,3144.62,3190.81,3093.04,3146.9,25518508032.0,0.0007091364117697285
2019-09-01,3147.12,3201.3,3101.3,3165.96,24723288064.0,0.0060567542661031926
2019-09-02,3166.37,3312.84,3132.26,3283.31,32751060992.0,0.03706616634448956
2019-09-03,3283.13,3379.32,3248.34,3323.23,36462747648.0,0.012158462039831841
2019-09-04,3323.31,3347.48,3241.79,3277.44,31279249408.0,-0.013778763431962271
2019-09-05,3276.29,3313.17,3207.69,3255.51,29074997248.0,-0.006691198008201504
2019-09-06,3255.54,3344.22,3157.4,3190.89,36034494464.0,-0.01984942451413152
2019-09-07,3192.16,3331.12,3171.71,3296.51,32564318208.0,0.03310048293736245
2019-09-08,3297.42,3386.32,3270.77,3340.43,30435997696.0,0.01332318118252318
2019-09-09,3341.35,3382.29,3234.15,3315.64,36261576704.0,-0.007421200264636552
2019-09-10,3314.17,3363.97,3224.88,3257.74,31192848384.0,-0.017462691968971322
2019-09-11,3259.11,3293.17,3167.37,3227.52,32433096704.0,-0.009276369507695503
2019-09-12,3227.88,3296.95,3173.05,3263.49,29908305920.0,0.011144779892920731
2019-09-13,3260.75,3298.84,3202.95,3261.2,28685676544.0,-0.0007017027783140506
2019-09-14,3260.73,3347.01,3229.99,3308.6,29756082176.0,0.014534527167913591
2019-09-15,3307.86,3359.86,3280.47,3319.13,27395829760.0,0.003182615003324729
2019-09-16,3318.86,3384.83,3267.64,3331.83,33321482240.0,0.003826303880836157
2019-09-17,3332.64,3492.75,3307.09,3429.58,37867134976.0,0.02933823154242554
2019-09-18,3427.16,3635.09,3412.1,3559.48,40081612800.0,0.037876358038010594
2019-09-19,3558.95,3613.63,3359.45,3542.36,45514326016.0,-0.004809691303224062
2019-09-20,3541.52,3569.53,3436.78,3496.69,34474496000.0,-0.012892534920222687
2019-09-21,3497.23,3531.2,3422.0,3446.24,31496476672.0,-0.01442793041419177
2019-09-22,3446.56,3459.41,3326.75,3382.81,30869479424.0,-0.01840556664654802
2019-09-23,3381.89,3413.62,3224.72,3234.75,33726269440.0,-0.04376834643388183
2019-09-24,3235.52,3283.72,2643.91,2745.47,54255919104.0,-0.1512574387510628
2019-09-25,2743.07,2860.77,2662.99,2780.23,46629199872.0,0.012660855882599353
2019-09-26,2780.23,2817.18,2575.8,2692.92,39050547200.0,-0.031403876657686625
2019-09-27,2692.23,2770.24,2625.06,2753.47,35146764288.0,0.022484886294431128
2019-09-28,2754.04,2784.61,2702.58,2751.63,29831997440.0,-0.0006682477019904765
2019-09-29,2752.21,2768.65,2643.82,2694.88,27789576192.0,-0.020624139146614873
2019-09-30,2680.25,2804.59,2608.12,2784.48,35302125568.0,0.03324823368758523
2019-10-01,2786.52,2865.74,2728.68,2771.21,33077694464.0,-0.004765701315865067
2019-10-02,2771.21,2812.25,2721.13,2801.43,27796875264.0,0.010904983743563301
2019-10-03,2800.96,2816.66,2701.22,2751.39,28247420928.0,-0.017862306036559916
2019-10-04,2751.44,2802.14,2715.51,2775.01,27801186304.0,0.008584751707318983
2019-10-05,2774.5,2793.51,2717.84,2765.12,25765830656.0,-0.0035639511208970243
2019-10-06,2764.97,2793.34,2691.38,2724.6,27291566080.0,-0.01465397523434786
2019-10-07,2723.39,2879.51,2692.77,2848.71,37498310656.0,0.045551640607795596
2019-10-08,2849.03,2905.66,2805.89,2856.95,32978917376.0,0.0028925373239114816
2019-10-09,2857.06,3006.7,2825.06,2976.1,40035565568.0,0.04170531510876985
2019-10-10,2974.25,2995.7,2877.9,2929.55,36678483968.0,-0.015641275494774898
2019-10-11,2929.88,2977.72,2829.44,2854.0,38750470144.0,-0.025788943694424082
2019-10-12,2853.91,2906.64,2823.13,2852.03,30717149184.0,-0.0006902592852137124
2019-10-13,2850.76,2928.26,2826.02,2869.24,29446606848.0,0.006034298376945468
2019-10-14,2869.0,2945.16,2851.0,2928.47,32049285120.0,0.020643097126765264
2019-10-15,2928.2,2959.06,2829.18,2861.69,33795221504.0,-0.02280371661652658
2019-10-16,2862.41,2886.83,2749.32,2800.85,34929225728.0,-0.021260164448280605
2019-10-17,2800.77,2882.53,2769.25,2857.95,31695050752.0,0.02038666833282754
2019-10-18,2857.54,2879.16,2754.87,2801.79,33976770560.0,-0.01965044874822852
2019-10-19,2800.9,2842.24,2771.55,2801.05,30185054208.0,-0.00026411686814498125
2019-10-20,2801.97,2880.41,2767.07,2857.29,32555239424.0,0.02007818496635183
2019-10-21,2858.06,2916.87,2826.26,2885.37,33937250304.0,0.009827493884065008
2019-10-22,2885.32,2927.47,2822.99,2834.7,34943627264.0,-0.017561006040819782
2019-10-23,2834.63,2851.03,2593.19,2657.48,44832075776.0,-0.06251807951458699
2019-10-24,2657.93,2724.53,2623.63,2689.72,35004047360.0,0.01213179403043485
2019-10-25,2691.43,3049.7,2667.3,3020.48,57405005824.0,0.12297190785657985
2019-10-26,3021.28,3303.99,2938.53,3062.32,81716273152.0,0.013852102977010228
2019-10-27,3063.74,3272.16,3000.82,3194.03,63838339072.0,0.04300987486611452
2019-10-28,3195.78,3339.98,3107.59,3152.66,60988080128.0,-0.012952289114379067
2019-10-29,3151.08,3290.8,3131.13,3230.89,57890111488.0,0.024813966618664862
2019-10-30,3231.04,3275.94,3094.73,3168.46,55363563520.0,-0.019322849122068497
2019-10-31,3167.95,3245.62,3079.28,3161.94,51255185408.0,-0.002057782013975218
2019-11-01,3160.98,3200.68,3110.48,3174.05,47663284224.0,0.0038299271965944737
2019-11-02,3174.46,3242.82,3158.21,3207.37,42865975296.0,0.010497629211890125
2019-11-03,3206.71,3241.23,3132.27,3180.05,42816475136.0,-0.008517882252437214
2019-11-04,3180.51,3282.69,3151.72,3255.05,52457906176.0,0.023584534834357962
2019-11-05,3255.38,3330.85,3209.24,3288.88,53770350592.0,0.010393081519485037
2019-11-06,3258.74,3343.67,3226.5,3310.62,48710844416.0,0.0066101530004134545
2019-11-07,3324.06,3384.91,3213.72,3287.66,47559147520.0,-0.006935256840108539
2019-11-08,3287.77,3309.99,3111.88,3155.99,48976855040.0,-0.04004976183668629
2019-11-09,3156.3,3214.31,3137.4,3181.09,37381115904.0,0.007953130396484154
2019-11-10,3181.73,3297.01,3162.49,3265.92,44371570688.0,0.02666696006714675
2019-11-11,3266.58,3294.1,3153.18,3196.56,41212293120.0,-0.021237507348618512
2019-11-12,3197.6,3262.83,3159.63,3221.03,42171187200.0,0.007655104237054955
2019-11-13,3220.28,3269.08,3180.37,3229.9,37501579264.0,0.0027537775183714697
2019-11-14,3230.16,3274.91,3162.28,3207.84,39847460864.0,-0.006829932815257456
2019-11-15,3208.67,3239.09,3083.0,3117.54,44233752576.0,-0.028149783031572673
2019-11-16,3118.18,3174.6,3093.96,3145.5,34467725312.0,0.008968609865470878
2019-11-17,3145.61,3216.09,3110.23,3159.82,37911318528.0,0.004552535367986055
2019-11-18,3159.3,3192.0,2999.55,3042.96,43140366336.0,-0.03698311929160525
2019-11-19,3042.65,3085.47,2912.43,2981.54,42646962176.0,-0.020184294239819156
2019-11-20,2980.78,3016.18,2901.95,2922.59,40734502912.0,-0.01977166162452959
2019-11-21,2921.74,2949.26,2709.43,2752.21,45727830016.0,-0.05829760589066546
2019-11-22,2752.57,2788.36,2451.56,2599.44,65037037568.0,-0.05550811892987817
2019-11-23,2599.45,2705.94,2541.79,2686.91,43257950208.0,0.0336495552888314
2019-11-24,2687.78,2701.16,2506.61,2513.83,53635620864.0,-0.06441600202463049
2019-11-25,2512.78,2633.39,2358.82,2548.6,78617321472.0,0.01383148422924374
2019-11-26,2547.32,2635.79,2523.79,2598.35,41007087616.0,0.019520521070391483
2019-11-27,2593.76,2712.2,2496.09,2669.12,47270973440.0,0.027236515480978385
2019-11-28,2670.17,2747.27,2629.0,2650.36,37707120640.0,-0.007028533748950849
2019-11-29,2651.47,2767.44,2643.38,2745.14,39592943616.0,0.03576117961333547
2019-11-30,2550.63,2583.96,2459.44,2491.09,34679746560.0,-0.09254537109218464
2019-12-01,2683.44,2710.94,2577.59,2648.5,37169451008.0,0.06318920633136482
2019-12-02,2648.6,2683.36,2566.38,2607.62,34624811008.0,-0.015435151972814865
2019-12-03,2607.55,2653.23,2555.23,2598.65,30751584256.0,-0.0034399183930172716
2019-12-04,2597.68,2656.71,2517.92,2557.94,41538625536.0,-0.01566582648682968
2019-12-05,2556.86,2708.99,2529.46,2620.77,36541370368.0,0.02456273407507603
2019-12-06,2622.58,2672.34,2589.06,2651.39,34592292864.0,0.011683589174174003
2019-12-07,2651.59,2691.88,2632.9,2658.68,30704900096.0,0.0027495012050282597
2019-12-08,2658.14,2712.76,2630.14,2682.84,30904539136.0,0.009087216212556815
2019-12-09,2682.26,2705.31,2603.32,2627.4,34819280896.0,-0.020664668783826112
2019-12-10,2627.01,2642.31,2549.64,2586.68,34950512640.0,-0.015498211159321151
2019-12-11,2585.95,2620.65,2546.03,2571.3,33415360512.0,-0.005945845639970804
2019-12-12,2571.99,2613.27,2531.51,2590.4,38064009216.0,0.007428149185237043
2019-12-13,2590.69,2629.16,2560.36,2601.47,35178016768.0,0.004273471278566809
2019-12-14,2601.38,2633.23,2530.33,2556.72,34392190976.0,-0.01720181282121258
2019-12-15,2557.76,2593.3,2480.37,2568.22,34553331712.0,0.004497950499076975
2019-12-16,2568.47,2584.68,2424.76,2445.56,41521516544.0,-0.047760705858532315
2019-12-17,2445.45,2465.1,2240.35,2272.22,45154467840.0,-0.07087947136852102
2019-12-18,2272.73,2500.73,2222.75,2467.26,60229603328.0,0.08583675876455654
2019-12-19,2466.84,2498.3,2358.23,2430.8,48606638080.0,-0.014777526486872139
2019-12-20,2431.73,2497.65,2387.35,2464.03,42763091968.0,0.013670396577258437
2019-12-21,2464.74,2489.21,2405.06,2445.56,37200461824.0,-0.007495850294030659
2019-12-22,2446.14,2546.46,2426.04,2532.85,44119613440.0,0.035693256350283864
2019-12-23,2532.05,2580.59,2448.27,2470.28,50523922432.0,-0.024703397358706525
2019-12-24,2470.51,2535.54,2432.83,2470.3,42715549696.0,8.096248198530276e-06
2019-12-25,2471.58,2486.05,2406.07,2439.84,40974422016.0,-0.012330486175768152
2019-12-26,2440.33,2502.93,2402.47,2442.79,42944729088.0,0.0012090956784049922
2019-12-27,2442.54,2503.05,2416.27,2470.4,43444809728.0,0.011302649838913714
2019-12-28,2469.63,2534.0,2454.37,2489.02,41809321984.0,0.007537240932642408
2019-12-29,2488.33,2586.92,2471.64,2545.11,45065814016.0,0.022534973604069197
2019-12-30,2545.77,2577.94,2480.62,2500.74,45315440640.0,-0.017433431168004665
2019-12-31,2517.62,2542.29,2450.9,2474.27,41624801280.0,-0.010584866879403632
2020-01-01,2474.39,2535.25,2455.8,2502.88,36776247296.0,0.011563006462512293
2020-01-02,2503.41,2510.97,2394.74,2415.57,39310446592.0,-0.0348838138464489
2020-01-03,2416.76,2570.21,2388.27,2543.03,52247605248.0,0.05276601381868473
2020-01-04,2546.78,2595.26,2517.77,2577.96,37314002944.0,0.013735583142943542
2020-01-05,2578.9,2656.42,2563.75,2597.54,39637942272.0,0.007595152756443069
2020-01-06,2597.98,2767.58,2590.29,2752.24,48210563072.0,0.059556349469112924
2020-01-07,2752.9,2827.6,2688.86,2784.3,53950189568.0,0.011648693427898982
2020-01-08,2784.45,2865.64,2694.87,2753.32,56923197440.0,-0.011126674568114114
2020-01-09,2752.05,2772.6,2666.93,2714.97,44359471104.0,-0.013928638879607269
2020-01-10,2714.61,2878.16,2653.47,2861.84,55341150208.0,0.05409636202241663
2020-01-11,2859.71,2944.51,2804.89,2841.66,52367060992.0,-0.007051407486093009
2020-01-12,2842.72,2931.81,2820.73,2910.09,47588462592.0,0.024080994911425124
2020-01-13,2909.92,2933.89,2836.26,2891.08,44975386624.0,-0.006532444013759076
2020-01-14,2890.48,3495.56,2884.95,3427.91,97374535680.0,0.18568493434979305
2020-01-15,3422.41,3601.58,3228.08,3423.63,90119331840.0,-0.0012485742041068448
2020-01-16,3424.05,3488.41,3237.96,3400.34,72074952704.0,-0.006802721088435382
2020-01-17,3401.78,3649.22,3306.94,3510.36,84335796224.0,0.032355587970614774
2020-01-18,3509.35,3617.61,3342.07,3431.55,77118283776.0,-0.02245068881824086
2020-01-19,3432.07,3555.13,3242.61,3360.47,74388545536.0,-0.020713671664408295
2020-01-20,3359.95,3470.41,3262.3,3397.56,59197304832.0,0.011037146589613966
2020-01-21,3396.43,3484.4,3336.67,3450.72,52870496256.0,0.01564652279871437
2020-01-22,3450.9,3503.68,3387.02,3439.1,49225375744.0,-0.0033674131775397464
2020-01-23,3438.9,3447.79,3204.51,3267.98,55670665216.0,-0.04975720391963012
2020-01-24,3269.9,3340.95,3140.0,3275.96,55782797312.0,0.002441875409274319
2020-01-25,3275.65,3289.25,3184.95,3235.92,43432435712.0,-0.012222371457526915
2020-01-26,3234.03,3383.01,3204.53,3368.15,49958248448.0,0.04086318574006764
2020-01-27,3368.46,3564.68,3351.15,3493.36,64419635200.0,0.037174710152457546
2020-01-28,3492.33,3658.18,3449.45,3624.74,71854415872.0,0.037608491538232425
2020-01-29,3624.77,3734.57,3571.23,3635.02,67700465664.0,0.002836065483317496
2020-01-30,3633.54,3803.09,3566.86,3759.74,73761660928.0,0.03431067779544539
2020-01-31,3759.8,3795.76,3587.42,3672.4,66793762816.0,-0.023230329756844803
2020-02-01,3672.67,3765.2,3637.26,3720.15,60521455616.0,0.013002396253131376
2020-02-02,3718.35,3847.42,3633.79,3753.08,68840554496.0,0.008851793610472614
2020-02-03,3751.62,3866.68,3709.02,3771.96,66324766720.0,0.0050305349206518635
2020-02-04,3771.74,3830.64,3655.15,3758.46,63915978752.0,-0.0035790411351127593
2020-02-05,3758.4,4037.2,3735.07,3993.97,79059468288.0,0.06266130276762283
2020-02-06,3995.56,4133.2,3927.81,4058.13,84158005248.0,0.01606421680683634
2020-02-07,4058.83,4182.0,4020.05,4110.12,78304870400.0,0.012811319499375307
2020-02-08,4109.01,4219.1,3980.3,4157.82,80811409408.0,0.0116055005693263
2020-02-09,4156.64,4358.54,4131.18,4310.03,79535030272.0,0.03660812637391708
2020-02-10,4311.21,4384.83,4132.0,4259.89,86588407808.0,-0.01163332969840103
2020-02-11,4260.0,4461.45,4163.7,4440.69,83381608448.0,0.04244241048477759
2020-02-12,4440.52,4728.52,4422.73,4635.09,101394000000.0,0.043776980604365745
2020-02-13,4633.39,4786.29,4470.94,4605.62,113921000000.0,-0.00635802109559902
2020-02-14,4605.06,4807.63,4524.1,4760.54,98702237696.0,0.03363716502881253
2020-02-15,4761.1,4817.63,4342.29,4402.01,102302000000.0,-0.0753128846727471
2020-02-16,4408.37,4553.42,4055.61,4309.12,105761000000.0,-0.02110172398517962
2020-02-17,4304.39,4358.9,3975.89,4250.03,109049000000.0,-0.01371277662260506
2020-02-18,4249.79,4474.18,4140.86,4433.18,106161000000.0,0.043093813455434615
2020-02-19,4435.58,4519.78,4121.15,4156.77,98363482112.0,-0.062350276776489966
2020-02-20,4153.47,4226.28,4019.19,4129.49,102789000000.0,-0.006562787933900749
2020-02-21,4127.96,4259.53,4082.37,4188.24,90064068608.0,0.014226938435496939
2020-02-22,4189.85,4230.14,4087.46,4152.52,77129678848.0,-0.008528642102649142
2020-02-23,4154.67,4338.65,4134.39,4314.81,87207624704.0,0.039082292198472146
2020-02-24,4311.77,4344.98,4033.25,4124.1,96901857280.0,-0.04419893344086989
2020-02-25,4124.19,4139.34,3860.18,3898.19,93202890752.0,-0.054778012172352786
2020-02-26,3895.64,3935.04,3469.83,3574.12,113022000000.0,-0.0831334542441492
2020-02-27,3576.36,3743.21,3426.89,3618.6,100925000000.0,0.012445021431849002
2020-02-28,3623.16,3717.61,3459.95,3583.26,95571345408.0,-0.00976620792571703
2020-02-29,3584.76,3689.46,3521.95,3543.44,77696688128.0,-0.011112785563983651
2020-03-01,3539.12,3638.4,3447.56,3519.21,77585358848.0,-0.006837987943918877
2020-03-02,3520.02,3744.48,3492.63,3701.27,106373000000.0,0.05173320148556071
2020-03-03,3699.19,3746.16,3598.91,3666.35,115327000000.0,-0.00943459947531522
2020-03-04,3665.88,3732.83,3593.59,3656.64,81175511040.0,-0.0026484105445470085
2020-03-05,3657.71,3841.45,3653.43,3767.36,81489248256.0,0.030279163384965502
2020-03-06,3767.29,3865.2,3732.75,3835.69,84667006976.0,0.01813736940456967
2020-03-07,3835.5,3871.16,3681.39,3702.78,78784110592.0,-0.034650871160078034
2020-03-08,3700.91,3709.79,3226.47,3241.15,86438199296.0,-0.12467119299553309
2020-03-09,3240.2,3309.26,3042.16,3200.35,100423000000.0,-0.012588124585409588
2020-03-10,3206.63,3294.71,3144.32,3209.0,82715017216.0,0.0027028293780368973
2020-03-11,3209.45,3240.51,3000.3,3146.82,76417966080.0,-0.019376752882517834
2020-03-12,3147.03,3159.21,1908.13,1938.49,107773000000.0,-0.38398446685860654
2020-03-13,1940.89,2323.43,1579.84,2206.71,148011000000.0,0.13836542876156188
2020-03-14,2210.89,2258.63,2028.43,2075.86,69656952832.0,-0.05929641865038904
2020-03-15,2074.23,2292.44,2039.3,2139.07,66104397824.0,0.030450030348867507
2020-03-16,2134.88,2150.03,1794.37,1951.11,84945354752.0,-0.0878699621798259
2020-03-17,1948.96,2108.49,1938.78,2026.14,69428592640.0,0.038455033288743445
2020-03-18,2024.29,2088.81,1965.5,2051.21,67343441920.0,0.012373281214526077
2020-03-19,2052.39,2504.95,2043.58,2422.09,94232731648.0,0.18081035096357767
2020-03-20,2422.72,2665.76,2231.89,2389.03,102581000000.0,-0.013649368933441708
2020-03-21,2389.44,2472.09,2294.66,2403.43,79264399360.0,0.006027550930712389
2020-03-22,2404.43,2480.48,2232.95,2243.18,73989267456.0,-0.06667554286998167
2020-03-23,2242.42,2443.01,2216.14,2435.91,83355713536.0,0.08591820540482709
2020-03-24,2438.95,2569.86,2411.95,2530.5,84326064128.0,0.03883148392181979
2020-03-25,2531.71,2570.36,2445.07,2494.17,78117847040.0,-0.014356846473029039
2020-03-26,2493.46,2564.68,2464.4,2553.5,64714338304.0,0.023787472385603303
2020-03-27,2554.83,2605.23,2460.43,2471.71,64529756160.0,-0.032030546308987606
2020-03-28,2469.95,2478.96,2335.75,2410.65,67690987520.0,-0.02470354531882779
2020-03-29,2411.16,2428.99,2289.98,2296.99,54275469312.0,-0.04714910916142967
2020-03-30,2295.7,2491.39,2286.03,2458.75,69011709952.0,0.07042259652850036
2020-03-31,2458.9,2503.78,2424.32,2471.86,62030028800.0,0.005331977630909979
2020-04-01,2471.33,2518.82,2381.24,2510.69,70766837760.0,0.015708818460592466
2020-04-02,2509.81,2677.47,2492.97,2572.25,85699452928.0,0.024519156088565364
2020-04-03,2573.12,2659.98,2539.81,2583.0,72601059328.0,0.004179220526776106
2020-04-04,2583.28,2644.84,2554.82,2627.45,62801891328.0,0.017208672086720833
2020-04-05,2627.01,2650.22,2562.06,2600.31,57801601024.0,-0.010329406839330812
2020-04-06,2601.66,2862.91,2595.1,2853.7,89170018304.0,0.09744607373736214
2020-04-07,2854.54,2958.56,2783.77,2815.6,91265097728.0,-0.013351088061113625
2020-04-08,2816.87,2967.23,2797.98,2941.22,81050869760.0,0.04461571245915619
2020-04-09,2941.37,2986.58,2864.91,2940.46,72571813888.0,-0.0002583961757365305
2020-04-10,2941.62,2949.28,2661.41,2723.74,86519693312.0,-0.07370275399087223
2020-04-11,2724.11,2781.88,2673.48,2727.28,65133903872.0,0.0012996835233907156
2020-04-12,2727.38,2840.57,2694.0,2773.3,71843102720.0,0.016873955002786545
2020-04-13,2773.82,2780.28,2634.37,2716.03,77738622976.0,-0.02065048858760321
2020-04-14,2716.22,2778.41,2685.26,2717.38,69374607360.0,0.0004970490016678042
2020-04-15,2716.59,2765.49,2631.12,2638.86,66115956736.0,-0.02889548020519761
2020-04-16,2638.0,2860.92,2582.68,2840.86,96780419072.0,0.07654820642247029
2020-04-17,2841.46,2875.64,2801.13,2840.49,70487629824.0,-0.00013024225058622108
2020-04-18,2839.44,2976.15,2832.86,2958.72,75696611328.0,0.04162310023974736
2020-04-19,2959.19,2989.56,2878.14,2900.23,74145652736.0,-0.019768683755137295
2020-04-20,2898.65,2961.78,2741.96,2770.77,84878393344.0,-0.04463783906793606
2020-04-21,2767.89,2814.58,2737.46,2776.43,70352715776.0,0.002042753458424862
2020-04-22,2775.1,2910.92,2760.55,2888.55,89993453568.0,0.04038279373151865
2020-04-23,2889.74,3026.47,2857.15,2976.44,76413861888.0,0.030427030863235727
2020-04-24,2978.08,3088.13,2970.73,3049.39,72426274816.0,0.024509145153270184
2020-04-25,3049.48,3127.02,3021.8,3083.89,75189010432.0,0.011313738157467501
2020-04-26,3083.23,3154.07,3057.82,3120.23,79997935616.0,0.011783818488986464
2020-04-27,3120.75,3173.7,3061.11,3133.48,76309159936.0,0.00424648182986509
2020-04-28,3134.08,3195.2,3093.33,3174.48,76602384384.0,0.01308449391730604
2020-04-29,3176.3,3465.07,3157.95,3435.94,123078000000.0,0.08236309568811273
2020-04-30,3435.27,3608.25,3268.4,3304.78,126968000000.0,-0.038172959946914053
2020-05-01,3307.12,3465.68,3302.56,3396.62,88946638848.0,0.027790049564569985
2020-05-02,3397.11,3470.68,3364.15,3451.38,87813857280.0,0.016121909427607495
2020-05-03,3450.75,3508.71,3339.27,3377.35,92691496960.0,-0.021449391257989614
2020-05-04,3377.16,3410.2,3231.44,3362.31,90403495936.0,-0.0044531955527262745
2020-05-05,3361.66,3421.0,3303.77,3352.27,86023995392.0,-0.0029860423339905795
2020-05-06,3350.74,3461.55,3311.69,3359.6,97924775936.0,0.0021865780500973653
2020-05-07,3360.19,3533.85,3308.62,3497.47,111937000000.0,0.041037623526610334
2020-05-08,3494.82,3595.46,3439.58,3535.47,95458975744.0,0.010864996697612872
2020-05-09,3533.19,3604.15,3459.2,3490.92,108075000000.0,-0.012600870605605441
2020-05-10,3491.29,3495.22,3034.9,3174.53,99096502272.0,-0.09063226885749309
2020-05-11,3174.95,3242.92,3012.18,3122.58,106420000000.0,-0.016364627204657145
2020-05-12,3125.59,3254.33,3103.07,3202.23,80093069312.0,0.025507753204081274
2020-05-13,3202.45,3338.46,3182.94,3306.71,84253081600.0,0.03262726287618323
2020-05-14,3303.94,3418.68,3264.68,3381.92,106833000000.0,0.02274466161229749
2020-05-15,3381.95,3409.54,3251.11,3289.27,83300130816.0,-0.027395680560155178
2020-05-16,3289.53,3374.37,3258.12,3325.4,71257088000.0,0.010984200141672895
2020-05-17,3325.55,3446.49,3311.71,3388.15,82321440768.0,0.01886991038672048
2020-05-18,3389.66,3512.15,3366.19,3454.54,77048840192.0,0.019594764104304607
2020-05-19,3454.91,3488.56,3378.49,3454.54,71568982016.0,0.0
2020-05-20,3453.8,3503.9,3362.61,3415.66,68692594688.0,-0.011254754612770479
2020-05-21,3415.89,3445.49,3179.7,3266.44,71398170624.0,-0.04368701802872643
2020-05-22,3266.28,3393.71,3230.52,3363.76,59971682304.0,0.029793904066812926
2020-05-23,3364.18,3414.76,3315.75,3362.43,53118619648.0,-0.0003953908721193722
2020-05-24,3363.55,3403.97,3235.06,3241.78,61958955008.0,-0.03588178787365082
2020-05-25,3237.28,3317.19,3204.01,3299.06,55597944832.0,0.017669305134833335
2020-05-26,3301.33,3325.15,3222.68,3264.03,54565355520.0,-0.010618176086521491
2020-05-27,3264.73,3373.04,3254.6,3352.38,60930904064.0,0.027067765921269027
2020-05-28,3353.39,3483.54,3321.74,3466.95,66273886208.0,0.03417571993628399
2020-05-29,3468.0,3531.2,3414.48,3471.72,59186720768.0,0.0013758490892570308
2020-05-30,3474.55,3669.36,3441.15,3658.46,68604383232.0,0.05378890002649994
2020-05-31,3658.19,3710.58,3515.99,3543.84,63623229440.0,-0.03133012251056455
2020-06-01,3544.19,3783.63,3528.21,3763.58,73534660608.0,0.062006185380829804
2020-06-02,3762.75,3846.9,3549.56,3619.14,69828526080.0,-0.03837835252605237
2020-06-03,3620.22,3725.43,3584.22,3705.93,52570116096.0,0.023980835226048214
2020-06-04,3705.76,3798.46,3638.96,3748.09,52101328896.0,0.0113763616690008
2020-06-05,3748.23,3809.14,3686.18,3720.84,49709359104.0,-0.007270369708304747
2020-06-06,3720.86,3770.49,3675.38,3718.34,40466407424.0,-0.0006718912933638688
2020-06-07,3718.63,3775.33,3619.35,3744.36,51536896000.0,0.006997746306147468
2020-06-08,3744.65,3777.44,3685.97,3744.3,44905414656.0,-1.60241002467032e-05
2020-06-09,3744.93,3803.01,3685.25,3755.64,43479273472.0,0.0030286034772852855
2020-06-10,3755.21,3800.11,3705.34,3769.8,49094537216.0,0.003770329424545471
2020-06-11,3770.03,3807.76,3466.41,3499.48,59358490624.0,-0.07170672184200755
2020-06-12,3499.79,3618.0,3470.2,3578.96,43047641088.0,0.022711945774800846
2020-06-13,3579.89,3605.85,3531.23,3589.25,35531792384.0,0.002875136911281384
2020-06-14,3589.86,3600.27,3498.67,3521.9,37204037632.0,-0.018764365814585182
2020-06-15,3521.74,3554.56,3328.99,3508.91,51151712256.0,-0.003688350038331678
2020-06-16,3508.4,3569.89,3477.45,3537.03,39846944768.0,0.008013884653639058
2020-06-17,3537.39,3587.08,3479.43,3548.6,39577751552.0,0.0032711059843992807
2020-06-18,3548.44,3565.7,3476.36,3520.1,36164435968.0,-0.008031336301640102
2020-06-19,3519.27,3533.17,3446.68,3460.41,36707991552.0,-0.016956904633391168
2020-06-20,3460.12,3517.1,3432.37,3485.38,33302689792.0,0.007215907941544586
2020-06-21,3484.15,3526.72,3461.26,3473.42,31126564864.0,-0.0034314766252173667
2020-06-22,3473.05,3617.89,3460.33,3603.38,41907273728.0,0.03741557312389521
2020-06-23,3603.33,3663.47,3554.92,3630.41,32743827456.0,0.00750129045507264
2020-06-24,3632.21,3686.94,3478.32,3515.74,39372099584.0,-0.03158596411975512
2020-06-25,3515.85,3540.56,3422.0,3498.72,33858273280.0,-0.004841086087139512
2020-06-26,3498.27,3527.43,3423.38,3462.42,35192545280.0,-0.010375222938674655
2020-06-27,3462.7,3501.77,3305.92,3358.34,34394632192.0,-0.03005990030094552
2020-06-28,3358.97,3444.31,3309.65,3400.2,30029971456.0,0.012464491385624887
2020-06-29,3400.01,3468.62,3356.06,3442.88,33098768384.0,0.012552202811599411
2020-06-30,3441.59,3477.08,3381.48,3416.27,30921897984.0,-0.007728994330328143
2020-07-01,3418.48,3513.47,3382.5,3466.96,31794257920.0,0.01483782019571045
2020-07-02,3469.74,3507.6,3372.75,3441.57,31489665024.0,-0.007323418787640978
2020-07-03,3441.23,3481.43,3387.2,3414.66,27606251520.0,-0.00781910581507872
2020-07-04,3414.14,3504.64,3395.66,3475.05,25776621568.0,0.017685508952575146
2020-07-05,3472.7,3526.58,3385.7,3469.61,28230144000.0,-0.0015654451015093551
2020-07-06,3469.03,3691.25,3449.33,3666.15,41378525184.0,0.056646136021051285
2020-07-07,3660.3,3741.7,3572.32,3674.66,34347876352.0,0.0023212361741882237
2020-07-08,3674.48,3889.08,3645.9,3849.55,44521328640.0,0.04759351885616647
2020-07-09,3849.39,3903.54,3711.09,3794.35,38740553728.0,-0.014339338364224408
2020-07-10,3792.76,3815.78,3644.11,3756.88,35505610752.0,-0.009875209192615308
2020-07-11,3756.93,3844.24,3723.11,3797.44,28997625856.0,0.010796192585336817
2020-07-12,3797.66,3881.77,3742.76,3832.6,32896188416.0,0.009258869132889425
2020-07-13,3832.75,3937.83,3748.66,3801.2,37872201728.0,-0.008192871679799651
2020-07-14,3800.15,3877.06,3726.01,3836.14,36279480320.0,0.009191834157634471
2020-07-15,3834.77,3901.43,3772.69,3840.12,32799565824.0,0.0010375012382237703
2020-07-16,3840.15,3881.0,3696.45,3778.79,33122160640.0,-0.015970855077445445
2020-07-17,3779.14,3839.26,3741.73,3789.65,28520536064.0,0.0028739358366038914
2020-07-18,3788.45,3852.03,3736.6,3801.04,25821773824.0,0.003005554602667715
2020-07-19,3800.45,3854.01,3738.21,3817.79,27840745472.0,0.004406688695725469
2020-07-20,3818.5,3843.83,3710.1,3731.4,27825518592.0,-0.022628274472928034
2020-07-21,3730.23,3877.61,3711.68,3840.21,34994282496.0,0.029160636758321257
2020-07-22,3839.95,3949.14,3796.72,3936.49,35503079424.0,0.02507154556651847
2020-07-23,3936.18,4041.64,3903.39,3980.76,39022649344.0,0.011246059306641243
2020-07-24,3982.31,4022.27,3891.42,3936.05,37271138304.0,-0.011231523628653872
2020-07-25,3935.83,4140.01,3929.36,4112.18,40442146816.0,0.04474790716581345
2020-07-26,4110.62,4254.4,4048.82,4133.77,50430861312.0,0.0052502565549172875
2020-07-27,4133.06,4436.35,4001.79,4292.04,70320070656.0,0.03828708418707372
2020-07-28,4298.21,4451.84,4176.52,4345.34,56713510912.0,0.012418337200958085
2020-07-29,4345.64,4491.22,4290.09,4370.56,50939011072.0,0.005803918680701736
2020-07-30,4374.42,4486.26,4304.65,4436.12,48211050496.0,0.015000366085810457
2020-07-31,4436.31,4581.62,4380.47,4537.57,51113435136.0,0.022869083793946032
2020-08-01,4537.93,4881.55,4504.63,4842.04,64309039104.0,0.0670997912979856
2020-08-02,4844.54,5053.06,4454.2,4575.73,70082183168.0,-0.05499954564605014
2020-08-03,4576.22,4835.09,4546.47,4736.89,50846519296.0,0.0352206096076475
2020-08-04,4736.54,4878.4,4650.6,4762.16,49040228352.0,0.005334723837792099
2020-08-05,4763.26,4941.4,4705.42,4883.77,52077441024.0,0.025536731231206033
2020-08-06,4883.03,5011.17,4802.2,4919.04,51149611008.0,0.007221879818255061
2020-08-07,4919.38,5013.84,4669.0,4812.94,56068448256.0,-0.021569249284413283
2020-08-08,4814.7,5019.85,4770.06,4957.58,42898817024.0,0.03005231729462654
2020-08-09,4961.84,5101.28,4844.32,4989.48,57856872448.0,0.0064345910706433695
2020-08-10,4989.93,5184.88,4937.83,5091.74,55651942400.0,0.020495121736132882
2020-08-11,5093.73,5161.19,4710.02,4855.46,59771121664.0,-0.04640456896856471
2020-08-12,4855.8,5130.81,4696.5,5048.36,54890057728.0,0.03972847062894136
2020-08-13,5049.38,5286.07,4843.71,5197.81,67835932672.0,0.02960367327211233
2020-08-14,5197.02,5369.73,5095.38,5204.06,55322877952.0,0.0012024294847252648
2020-08-15,5203.44,5403.74,5139.93,5299.53,54436642816.0,0.01834529194513501
2020-08-16,5300.49,5447.09,5185.85,5383.93,52194279424.0,0.01592594060228003
2020-08-17,5384.64,5603.48,5241.1,5420.43,66179989504.0,0.00677943435371553
2020-08-18,5419.1,5533.83,5210.29,5284.92,62498893824.0,-0.024999861634593556
2020-08-19,5283.95,5361.07,4974.18,5085.43,51954040832.0,-0.03774702360679061
2020-08-20,5086.49,5271.8,5042.46,5231.61,47307214848.0,0.028744865232634975
2020-08-21,5230.56,5376.89,4920.83,4958.46,56707112960.0,-0.05221146071668181
2020-08-22,4956.91,5134.51,4855.06,5114.91,40953909248.0,0.03155213513873245
2020-08-23,5111.31,5208.52,4966.58,5120.75,41935929344.0,0.0011417600700696084
2020-08-24,5121.53,5285.6,5046.55,5198.57,44028559360.0,0.015196992628032868
2020-08-25,5198.23,5240.22,4818.48,4943.93,55739801600.0,-0.04898270101200897
2020-08-26,4941.87,5072.9,4862.4,4989.32,44871880704.0,0.009180955231971266
2020-08-27,4986.72,5050.48,4744.98,4850.84,49284276224.0,-0.027755285289377984
2020-08-28,4851.24,5045.93,4815.17,5001.52,40157585408.0,0.031062661312267537
2020-08-29,5001.7,5188.84,4950.54,5115.39,43805052928.0,0.022767078808042296
2020-08-30,5105.55,5317.91,5064.37,5238.74,46670876672.0,0.02411350845194593
2020-08-31,5239.9,5350.88,5132.74,5232.72,58677174272.0,-0.001149131279658766
2020-09-01,5230.21,5568.24,5168.02,5462.37,64009338880.0,0.043887309085905546
2020-09-02,5462.21,5523.33,4976.89,5130.65,68443795456.0,-0.06072821870360301
2020-09-03,5132.25,5246.98,4369.16,4469.22,80297295872.0,-0.12891738863496816
2020-09-04,4464.66,4761.14,4325.92,4589.95,72027996160.0,0.02701366233928959
2020-09-05,4590.18,4679.81,4081.7,4252.07,109943000000.0,-0.07361300232028678
2020-09-06,4251.81,4500.15,4112.41,4417.73,82390220800.0,0.03895984779178141
2020-09-07,4418.15,4515.32,4151.81,4447.86,73391472640.0,0.006820244786349683
2020-09-08,4449.29,4529.94,4222.48,4359.49,71167311872.0,-0.019867981456250794
2020-09-09,4360.59,4520.75,4272.67,4439.28,70278193152.0,0.018302599616010218
2020-09-10,4440.26,4630.78,4415.08,4516.03,197797000000.0,0.017288839631651953
2020-09-11,4517.01,4616.01,4356.93,4570.96,189152000000.0,0.01216333815320092
2020-09-12,4571.74,4698.17,4482.39,4637.43,113865000000.0,0.01454180303481123
2020-09-13,4638.89,4732.46,4408.04,4512.68,164961000000.0,-0.02690067558971243
2020-09-14,4512.67,4719.76,4422.04,4607.12,82191523840.0,0.020927697066931206
2020-09-15,4606.51,4710.44,4452.88,4502.6,77563994112.0,-0.02268662418170131
2020-09-16,4503.07,4626.61,4387.42,4517.95,76600819712.0,0.0034091413849774987
2020-09-17,4518.22,4688.18,4441.49,4601.88,63741030400.0,0.018577009484390006
2020-09-18,4602.58,4692.34,4478.4,4574.77,56902889472.0,-0.005891070605926196
2020-09-19,4572.49,4666.9,4510.14,4601.47,49910784000.0,0.005836358986353263
2020-09-20,4602.33,4635.38,4375.32,4469.51,54708760576.0,-0.028677792096873378
2020-09-21,4470.79,4523.6,4097.63,4162.45,67644006400.0,-0.06870104329109916
2020-09-22,4160.82,4270.95,4103.89,4231.6,47334719488.0,0.016612812165911928
2020-09-23,4232.6,4287.43,4000.11,4036.38,49251139584.0,-0.04613385008034787
2020-09-24,4036.22,4326.15,4008.35,4300.34,50669998080.0,0.06539523037969674
2020-09-25,4300.66,4433.18,4209.61,4367.6,48552009728.0,0.01564062376463271
2020-09-26,4370.11,4481.98,4316.45,4414.92,44660195328.0,0.010834325487681928
2020-09-27,4414.08,4514.62,4323.32,4443.38,43126530048.0,0.0064463229231785935
2020-09-28,4443.2,4567.19,4383.45,4412.88,48293658624.0,-0.00686414396247903
2020-09-29,4411.3,4512.15,4349.71,4478.04,44257964032.0,0.014765867188774706
2020-09-30,4492.8,4543.39,4381.23,4482.03,45922295808.0,0.0008910148189833489
2020-10-01,4482.26,4602.28,4325.71,4407.87,58401103872.0,-0.016546073988795262
2020-10-02,4407.91,4447.7,4187.63,4311.0,91726716928.0,-0.021976600943312774
2020-10-03,4311.35,4385.99,4269.72,4317.37,84957511680.0,0.0014776154024587207
2020-10-04,4317.61,4423.53,4266.17,4388.5,84891525120.0,0.016475307884198154
2020-10-05,4388.73,4460.06,4335.65,4414.23,76513509376.0,0.005863051156431487
2020-10-06,4413.1,4477.79,4217.74,4265.47,86859153408.0,-0.03370010171649396
2020-10-07,4265.32,4333.73,4184.52,4303.97,85331632128.0,0.009025969002243617
2020-10-08,4304.64,4425.08,4197.76,4391.01,69270118400.0,0.020223189288029353
2020-10-09,4391.55,4545.75,4348.81,4504.17,65421246464.0,0.025770836322394963
2020-10-10,4497.27,4677.99,4484.84,4559.3,52976308224.0,0.01223976892524048
2020-10-11,4558.51,4684.56,4527.32,4629.29,53258756096.0,0.01535104072993665
2020-10-12,4627.93,4784.14,4542.4,4698.15,68960452608.0,0.014874851219085272
2020-10-13,4695.04,4748.73,4584.21,4655.13,53559439360.0,-0.009156795760033143
2020-10-14,4659.33,4723.99,4511.05,4610.68,60596363264.0,-0.009548605516924269
2020-10-15,4607.7,4660.8,4517.1,4594.76,66026270720.0,-0.0034528529414316056
2020-10-16,4597.89,4639.95,4393.06,4453.27,54018985984.0,-0.030793773777085143
2020-10-17,4455.57,4517.02,4407.67,4475.61,48087699456.0,0.005016538408854521
2020-10-18,4475.04,4564.68,4447.99,4533.84,46387752960.0,0.013010517002151722
2020-10-19,4538.15,4633.28,4445.54,4552.19,54694002688.0,0.004047341767684731
2020-10-20,4550.35,4614.14,4397.92,4445.95,75795382272.0,-0.023338217429413
2020-10-21,4445.43,4810.65,4426.33,4694.96,81091731456.0,0.05600827719609991
2020-10-22,4689.67,4917.43,4665.93,4821.59,78609801216.0,0.026971475795320998
2020-10-23,4824.87,4893.01,4703.76,4809.44,61274566656.0,-0.002519915629491609
2020-10-24,4809.45,4923.5,4773.72,4884.78,60995915776.0,0.01566502544994841
2020-10-25,4884.78,4954.48,4769.55,4823.79,52240146432.0,-0.012485720953655965
2020-10-26,4823.79,4917.16,4649.91,4763.98,68632956928.0,-0.012398964299855542
2020-10-27,4720.39,4895.24,4685.93,4816.23,73026871296.0,0.010967720267507364
2020-10-28,4858.41,4928.83,4594.55,4692.52,66863722496.0,-0.02568606565716325
2020-10-29,4692.52,4771.6,4542.17,4648.99,69786927104.0,-0.009276465523855082
2020-10-30,4651.92,4725.26,4474.09,4614.52,60466040832.0,-0.007414513690070179
2020-10-31,4566.57,4699.58,4523.88,4612.08,53097816064.0,-0.0005287657221120234
2020-11-01,4611.82,4682.24,4552.31,4643.0,56207802368.0,0.0067041334929143215
2020-11-02,4611.82,4682.24,4552.31,4643.0,66113806336.0,0.0
2020-11-03,4503.73,4579.11,4327.22,4504.53,60872253440.0,-0.029823390049537046
2020-11-04,4505.0,4588.37,4349.17,4526.32,72526069760.0,0.004837352620584268
2020-11-05,4526.36,4835.45,4476.92,4780.26,75895439360.0,0.05610297106700379
2020-11-06,4780.21,5087.27,4730.05,5023.07,77189431296.0,0.05079430825938336
2020-11-07,5023.11,5197.38,4692.67,4808.21,75125342208.0,-0.042774637821093364
2020-11-08,4808.32,5066.17,4765.91,5001.56,57852190720.0,0.04021246992123895
2020-11-09,5001.6,5076.71,4794.31,4925.71,69423767552.0,-0.015165268436247992
2020-11-10,4925.78,5049.01,4857.62,4960.63,61226004480.0,0.0070893333143851045
2020-11-11,4960.6,5128.98,4929.11,5012.14,62970806272.0,0.010383761739940267
2020-11-12,5012.12,5129.06,4909.61,5047.12,68724473856.0,0.006979054854812539
2020-11-13,5047.12,5202.96,4988.4,5161.99,65138900992.0,0.022759514336889053
2020-11-14,5162.03,5194.64,4979.79,5077.32,54736637952.0,-0.016402588924039008
2020-11-15,5077.32,5120.68,4918.81,4992.83,57616969728.0,-0.016640668699234973
2020-11-16,4992.84,5243.77,4954.37,5189.27,68884570112.0,0.039344419898134086
2020-11-17,5240.63,5512.58,5195.41,5458.99,99615956992.0,0.051976482241240074
2020-11-18,5458.89,5614.45,5240.69,5424.32,81264926720.0,-0.00635099166695674
2020-11-19,5424.29,5558.9,5261.9,5438.29,80131039232.0,0.002575438027255128
2020-11-20,5438.28,5781.68,5409.2,5704.23,92918652928.0,0.0489014009918558
2020-11-21,5704.23,6262.32,5628.08,6182.98,120455000000.0,0.0839289439591322
2020-11-22,6182.98,6356.16,5722.45,6037.29,120737000000.0,-0.023563071528615587
2020-11-23,6037.28,6630.64,5943.23,6554.24,149166000000.0,0.08562616670724776
2020-11-24,6554.73,7265.55,6412.09,6956.1,152025000000.0,0.06131298213065128
2020-11-25,6955.69,7216.84,6455.28,6635.74,142027000000.0,-0.0460545420566123
2020-11-26,6633.68,6748.78,5476.46,5923.25,137132000000.0,-0.10737159683773023
2020-11-27,5926.4,6178.1,5680.5,5996.27,89496403968.0,0.012327691723293954
2020-11-28,5997.99,6427.53,5889.04,6283.22,94194884608.0,0.047854749702731736
2020-11-29,6270.79,6498.38,6133.79,6407.27,93808754688.0,0.0197430616785661
2020-11-30,6327.62,6807.17,6270.84,6746.8,,0.052991367618346
2020-12-01,6748.96,6899.9,6220.79,6394.38,131787000000.0,-0.05223513369301003
2020-12-02,6394.19,6630.88,6268.5,6565.64,88428789760.0,0.026782893728555468
2020-12-03,6567.19,6741.46,6452.46,6659.6,77267075072.0,0.014310866876648731
2020-12-04,6660.22,6771.38,6202.01,6267.95,88323350528.0,-0.05880983842873455
2020-12-05,6266.91,6553.2,6196.92,6509.51,65538633728.0,0.03853891623257999
2020-12-06,6509.24,6621.25,6349.54,6547.6,63321665536.0,0.005851438894786343
2020-12-07,6547.08,6611.22,6362.17,6470.3,62124249088.0,-0.011805852526116434
2020-12-08,6470.18,6522.65,6039.89,6104.35,83302301696.0,-0.05655842851181547
2020-12-09,6103.33,6297.13,5830.64,6224.07,72680153088.0,0.019612243727833212
2020-12-10,6224.09,6257.32,5981.34,6076.35,66153668608.0,-0.023733666234473483
2020-12-11,6075.89,6109.48,5809.39,5958.21,59391623168.0,-0.019442593004023845
2020-12-12,5955.91,6253.92,5904.42,6167.74,54895423488.0,0.035166602049944595
2020-12-13,6168.79,6451.62,6109.86,6341.17,56906858496.0,0.028118889577057438
2020-12-14,6342.32,6413.72,6209.03,6337.37,57401946112.0,-0.0005992584964604752
2020-12-15,6337.37,6472.71,6224.4,6347.39,58561941504.0,0.0015810975215271306
2020-12-16,6347.47,6917.52,6232.99,6890.97,124595000000.0,0.08563834899068756
2020-12-17,6890.84,7462.02,6769.08,7066.11,141476000000.0,0.0254158703346552
2020-12-18,7066.67,7300.8,6907.25,7180.61,89248358400.0,0.01620410664424976
2020-12-19,7179.31,7460.94,7078.4,7301.34,92405415936.0,0.016813334800246826
2020-12-20,7299.55,7477.97,7010.14,7182.61,96743636992.0,-0.01626139859258713
2020-12-21,7183.42,7390.02,6684.56,6850.82,121728000000.0,-0.04619351461376853
2020-12-22,6846.42,7112.83,6559.61,7011.91,110150000000.0,0.023513973509740493
2020-12-23,7010.9,7111.0,6027.06,6312.55,131435000000.0,-0.09973887286060423
2020-12-24,6315.6,6812.93,6140.92,6752.63,94268981248.0,0.06971509136561282
2020-12-25,6751.77,7095.58,6583.82,6924.75,109566000000.0,0.025489327861884847
2020-12-26,6926.87,7326.55,6769.93,7141.45,117453000000.0,0.031293548503556146
2020-12-27,7142.28,7653.98,6857.01,7161.1,144418000000.0,0.0027515420537846946
2020-12-28,7142.28,7653.98,6857.01,7161.1,116859000000.0,0.0
2020-12-29,7493.98,7674.15,7021.19,7501.8,112939000000.0,0.047576489645445585
2020-12-30,7500.91,7778.5,7296.25,7605.17,93138706432.0,0.0137793596203577
2020-12-31,7414.64,7651.03,7177.9,7496.94,90546823168.0,-0.014231108574824791
2021-01-01,7496.2,7822.76,7306.23,7519.95,86427131904.0,0.003069252254920052
2021-01-02,7520.89,8155.09,7326.27,7866.09,145716000000.0,0.046029561366764504
2021-01-03,7867.11,8811.17,7742.43,8481.0,216282000000.0,0.07817225584756837
2021-01-04,8491.54,9183.17,7742.69,8525.82,186850000000.0,0.005284754156349436
2021-01-05,8528.79,9172.25,8098.12,8943.83,170736000000.0,0.04902871512652163
2021-01-06,8948.75,10149.3,8775.89,9944.13,195024000000.0,0.1118424656998176
2021-01-07,9950.18,10822.1,9525.84,10152.1,208450000000.0,0.02091384565567833
2021-01-08,10154.0,10609.0,9259.69,10176.8,175098000000.0,0.002432994158843904
2021-01-09,10174.2,10977.5,9793.53,10674.3,174117000000.0,0.048885700809684796
2021-01-10,10675.0,11306.2,9663.5,10392.1,236760000000.0,-0.026437330785156754
2021-01-11,10388.9,10400.1,8014.07,9264.21,240518000000.0,-0.1085334051827832
2021-01-12,9254.56,9761.47,8691.28,9014.23,167235000000.0,-0.026983412508999605
2021-01-13,9013.98,9955.7,8707.13,9867.27,137834000000.0,0.09463259757072984
2021-01-14,9866.25,10565.9,9606.05,10315.0,149178000000.0,0.04537526590434826
2021-01-15,10318.9,10644.6,9269.03,9957.0,158927000000.0,-0.034706737760542894
2021-01-16,9954.6,10795.6,9743.64,10271.0,147664000000.0,0.03153560309330117
2021-01-17,10267.6,10654.0,9762.35,10316.9,124928000000.0,0.004468892999707874
2021-01-18,10319.2,10799.3,9999.87,10554.7,138523000000.0,0.02304955946069076
2021-01-19,10557.0,11191.4,10327.9,10574.6,149426000000.0,0.0018854159758212585
2021-01-20,10566.7,10821.4,9766.11,10592.1,156851000000.0,0.001654908932725574
2021-01-21,10594.4,10628.0,8930.28,9107.73,207316000000.0,-0.14013934913756487
2021-01-22,9100.88,10081.2,8537.36,9810.43,135122000000.0,0.07715424150693972
2021-01-23,9803.06,10175.3,9500.5,9852.02,117653000000.0,0.004239365654716387
2021-01-24,9852.26,10363.6,9614.91,10150.9,139944000000.0,0.030336925828408745
2021-01-25,10148.1,10702.0,9824.81,9944.53,142480000000.0,-0.0203302170250913
2021-01-26,9941.11,10214.0,9499.38,10042.5,133382000000.0,0.009851647086388082
2021-01-27,10043.3,10105.9,9059.01,9360.43,150916000000.0,-0.0679183470251431
2021-01-28,9357.96,9873.25,9199.76,9749.54,158049000000.0,0.04156967147876767
2021-01-29,10270.0,11121.6,9761.14,10304.4,219082000000.0,0.056911402999525906
2021-01-30,10405.7,10992.7,10043.1,10704.3,149897000000.0,0.03880866425992768
2021-01-31,10476.5,10711.0,9877.11,10218.2,157521000000.0,-0.04541165699765504
2021-02-01,10219.3,11165.3,9829.57,10489.3,168929000000.0,0.026531091581687427
2021-02-02,10489.8,11201.0,10312.8,10952.4,160753000000.0,0.04414975260503562
2021-02-03,10950.4,11694.9,10879.4,11605.4,160117000000.0,0.059621635440634035
2021-02-04,11606.2,11993.1,11045.2,11404.5,168181000000.0,-0.017310906991572894
2021-02-05,11404.2,12419.9,11336.0,12244.0,176892000000.0,0.07361129378753994
2021-02-06,12240.3,12891.8,11823.1,12328.2,161399000000.0,0.00687683763475988
2021-02-07,12328.3,12694.5,11547.8,12241.4,162038000000.0,-0.007040768319787283
2021-02-08,12237.4,13773.3,11969.3,13594.6,250582000000.0,0.1105429117584591
2021-02-09,13591.5,14779.7,13312.6,14350.3,216819000000.0,0.05558824827505027
2021-02-10,14346.6,15524.3,13647.6,14695.9,213068000000.0,0.024083120213514775
2021-02-11,14687.9,15786.5,14315.0,15439.7,208845000000.0,0.05061275593873127
2021-02-12,15427.8,16597.8,14979.7,16205.7,198741000000.0,0.04961236293451288
2021-02-13,16201.2,17187.2,15463.7,16630.0,221389000000.0,0.02618214578821032
2021-02-14,16634.0,17289.3,15863.7,16457.4,217026000000.0,-0.010378833433553725
2021-02-15,16443.7,17071.9,14727.9,16160.4,197175000000.0,-0.018046593021984192
2021-02-16,16156.3,16989.1,15639.7,16327.1,198674000000.0,0.010315338729239398
2021-02-17,16327.9,17612.8,15859.4,17326.7,192169000000.0,0.06122336483515145
2021-02-18,17325.0,18173.4,16974.8,17702.2,140562000000.0,0.021671755152452565
2021-02-19,17705.0,20044.9,17244.8,19741.7,170419000000.0,0.11521166860616194
2021-02-20,19743.4,21024.9,17977.4,19222.1,171674000000.0,-0.026319921789916934
2021-02-21,19195.8,20452.4,18848.2,19903.5,145778000000.0,0.03544878031016396
2021-02-22,19906.8,20521.8,16175.6,18935.2,239075000000.0,-0.04864973497123615
2021-02-23,18930.2,19109.8,14294.7,16526.4,246189000000.0,-0.12721281000464735
2021-02-24,16534.8,18075.4,15771.3,17079.6,139319000000.0,0.033473714783618824
2021-02-25,17077.4,17926.0,15929.3,16031.3,154603000000.0,-0.06137731562800064
2021-02-26,16070.3,16903.8,14968.2,16023.5,140801000000.0,-0.0004865481901030755
2021-02-27,16065.9,17247.9,15854.5,16399.3,129388000000.0,0.023453053327924467
2021-02-28,16119.3,16353.5,14564.5,15546.0,124301000000.0,-0.05203270871317678
2021-03-01,15558.0,17069.2,15443.2,16937.7,127811000000.0,0.08952142030104215
2021-03-02,16933.8,17523.1,16073.0,16679.1,119131000000.0,-0.015267716395968911
2021-03-03,16678.5,18081.5,16576.5,17345.6,129861000000.0,0.039960189698484916
2021-03-04,17337.9,17954.9,16296.4,16833.0,123576000000.0,-0.02955216308458619
2021-03-05,16824.9,17085.6,15847.3,16750.0,96224272384.0,-0.004930790708726929
2021-03-06,16738.6,17169.6,16223.4,16936.0,93289119744.0,0.011104477611940222
2021-03-07,16937.4,17775.0,16820.3,17623.6,106922000000.0,0.04059990552668857
2021-03-08,17620.6,18258.9,17044.5,18088.0,119930000000.0,0.026351029301618478
2021-03-09,18092.5,19139.6,17867.4,18991.7,116574000000.0,0.049961300309597556
2021-03-10,18988.9,19485.8,18002.5,18698.9,115513000000.0,-0.015417261224640155
2021-03-11,18680.4,19426.5,18068.7,19000.9,115917000000.0,0.016150682660477367
2021-03-12,19008.3,19318.2,17818.8,18489.4,118598000000.0,-0.026919777484224472
2021-03-13,18491.0,19934.4,17953.0,19571.2,128640000000.0,0.05850919986586911
2021-03-14,19565.9,19836.1,18782.8,18933.0,104531000000.0,-0.03260913996075865
2021-03-15,18917.2,19473.9,17814.2,18245.1,165002000000.0,-0.03633338615116466
2021-03-16,18233.6,19076.0,17469.9,18784.3,118087000000.0,0.029553140295202507
2021-03-17,18790.5,19818.5,18199.7,19631.0,130523000000.0,0.045074876359513016
2021-03-18,19630.6,20268.8,18517.8,19291.6,123012000000.0,-0.017288981712597518
2021-03-19,19285.8,20169.6,18851.6,19687.2,102895000000.0,0.020506334363142642
2021-03-20,19688.8,20587.8,19388.6,19658.2,120155000000.0,-0.0014730383193141128
2021-03-21,19660.6,20088.5,18985.0,19562.1,98037366784.0,-0.004888545238119546
2021-03-22,19566.0,20260.8,18589.2,18858.8,134718000000.0,-0.035952172823981
2021-03-23,18849.4,19876.5,18415.4,19050.8,114264000000.0,0.010180923494601979
2021-03-24,19046.9,20113.0,17652.4,18067.6,162882000000.0,-0.05160938123333403
2021-03-25,18045.2,18628.2,17293.9,18026.0,123046000000.0,-0.0023024640793464224
2021-03-26,18031.4,19597.2,17889.6,19393.6,114488000000.0,0.07586819039165649
2021-03-27,19390.7,19883.0,18797.2,19390.0,96585891840.0,-0.00018562824849421844
2021-03-28,19387.2,19912.0,18982.8,19487.7,93248905216.0,0.0050386797318204835
2021-03-29,19484.8,20529.2,19270.4,20202.8,113856000000.0,0.03669494091144654
2021-03-30,20203.6,20963.6,19913.6,20640.5,115252000000.0,0.021665313718890467
2021-03-31,20641.7,21727.8,19874.1,21192.3,163119000000.0,0.026733848501732105
2021-04-01,20861.0,21929.8,20541.3,21267.5,163456000000.0,0.0035484586382790173
2021-04-02,21260.3,22537.4,20908.0,22014.3,143434000000.0,0.035114611496414705
2021-04-03,22016.9,22928.1,20983.9,21251.8,157986000000.0,-0.03463657713395385
2021-04-04,21250.8,22666.3,21026.7,22411.5,145447000000.0,0.05456949528981081
2021-04-05,22408.0,24106.3,21715.7,23269.7,178154000000.0,0.038292840729090116
2021-04-06,23285.6,24585.4,22241.3,23717.7,209758000000.0,0.019252504329664744
2021-04-07,23720.8,24257.9,21257.1,21959.2,194425000000.0,-0.07414293966109697
2021-04-08,21984.9,23527.2,21776.7,23357.8,119497000000.0,0.06369084483952059
2021-04-09,23359.3,24040.4,22766.7,23353.5,127499000000.0,-0.00018409267996122303
2021-04-10,23349.7,25316.6,23004.0,24569.7,142691000000.0,0.05207784700366114
2021-04-11,24573.8,25796.2,23997.8,25081.4,133674000000.0,0.02082646511760422
2021-04-12,25069.9,26281.0,24208.2,25332.7,149606000000.0,0.010019376908785071
2021-04-13,25318.4,27849.5,24721.4,27101.6,226083000000.0,0.06982674566864167
2021-04-14,27115.9,29211.4,25842.7,27937.9,221094000000.0,0.03085795672580227
2021-04-15,27917.8,29696.5,27144.7,28970.4,215224000000.0,0.036956965269401065
2021-04-16,28927.4,32515.4,26563.8,30244.1,276307000000.0,0.043965564852400885
2021-04-17,30191.6,32064.1,28246.6,29067.1,269924000000.0,-0.03891668127006587
2021-04-18,29084.1,30117.7,23551.6,27490.5,228188000000.0,-0.05424001706396575
2021-04-19,27504.8,29619.2,25570.5,27187.7,220570000000.0,-0.011014714173987361
2021-04-20,27140.5,28970.6,24448.2,27673.4,201018000000.0,0.017864696167752436
2021-04-21,27665.7,28786.1,25992.8,26552.7,180312000000.0,-0.040497372928516184
2021-04-22,26484.3,28288.3,24184.4,25027.5,264248000000.0,-0.05744048627823162
2021-04-23,25005.1,25692.2,20821.5,24823.4,185002000000.0,-0.008155029467585617
2021-04-24,24864.9,25553.5,22857.4,23755.4,102690000000.0,-0.04302392097778707
2021-04-25,23765.2,25237.7,22320.7,23830.1,160803000000.0,0.003144548186938323
2021-04-26,23876.0,27010.4,23597.0,26623.3,143879000000.0,0.11721310443514721
2021-04-27,26646.9,28206.2,26125.6,27588.7,136546000000.0,0.03626147021593873
2021-04-28,27596.8,29009.2,26220.6,27981.9,130875000000.0,0.014252211956344407
2021-04-29,27978.4,28614.7,26715.9,27671.2,130464000000.0,-0.011103606259760812
2021-04-30,27671.7,29667.4,27255.8,29379.7,137866000000.0,0.06174289514007336
