Date,S&P500,DJ30,sp500_rtn,DJ30_rtn
2019-03-01,2803.689941,26026.320312,,
2019-03-04,2792.810059,25819.650391,-0.003881,-0.007941
2019-03-05,2789.649902,25806.630859,-0.001132,-0.000504
2019-03-06,2771.449951,25673.460938,-0.006524,-0.00516
2019-03-07,2748.929932,25473.230469,-0.008126,-0.007799
2019-03-08,2743.070068,25450.240234,-0.002132,-0.000903
2019-03-11,2783.300049,25650.880859,0.014666,0.007884
2019-03-12,2791.52002,25554.660156,0.002953,-0.003751
2019-03-13,2810.919922,25702.890625,0.00695,0.005801
2019-03-14,2808.47998,25709.939453,-0.000868,0.000274
2019-03-15,2822.47998,25848.869141,0.004985,0.005404
2019-03-18,2832.939941,25914.099609,0.003706,0.002524
2019-03-19,2832.570068,25887.380859,-0.000131,-0.001031
2019-03-20,2824.22998,25745.669922,-0.002944,-0.005474
2019-03-21,2854.879883,25962.509766,0.010852,0.008422
2019-03-22,2800.709961,25502.320312,-0.018975,-0.017725
2019-03-25,2798.360107,25516.830078,-0.000839,0.000569
2019-03-26,2818.459961,25657.730469,0.007183,0.005522
2019-03-27,2805.370117,25625.589844,-0.004644,-0.001253
2019-03-28,2815.439941,25717.460938,0.003589,0.003585
2019-03-29,2834.399902,25928.679688,0.006734,0.008213
2019-04-01,2867.189941,26258.419922,0.011569,0.012717
2019-04-02,2867.23999,26179.130859,1.7e-05,-0.00302
2019-04-03,2873.399902,26218.130859,0.002148,0.00149
2019-04-04,2879.389893,26384.630859,0.002085,0.006351
2019-04-05,2892.73999,26424.990234,0.004636,0.00153
2019-04-08,2895.77002,26341.019531,0.001047,-0.003178
2019-04-09,2878.199951,26150.580078,-0.006067,-0.00723
2019-04-10,2888.209961,26157.160156,0.003478,0.000252
2019-04-11,2888.320068,26143.050781,3.8e-05,-0.000539
2019-04-12,2907.409912,26412.300781,0.006609,0.010299
2019-04-15,2905.580078,26384.769531,-0.000629,-0.001042
2019-04-16,2907.060059,26452.660156,0.000509,0.002573
2019-04-17,2900.449951,26449.539062,-0.002274,-0.000118
2019-04-18,2905.030029,26559.539062,0.001579,0.004159
2019-04-22,2907.969971,26511.050781,0.001012,-0.001826
2019-04-23,2933.679932,26656.390625,0.008841,0.005482
2019-04-24,2927.25,26597.050781,-0.002192,-0.002226
2019-04-25,2926.169922,26462.080078,-0.000369,-0.005075
2019-04-26,2939.879883,26543.330078,0.004685,0.00307
2019-04-29,2943.030029,26554.390625,0.001072,0.000417
2019-04-30,2945.830078,26592.910156,0.000951,0.001451
2019-05-01,2923.72998,26430.140625,-0.007502,-0.006121
2019-05-02,2917.52002,26307.789062,-0.002124,-0.004629
2019-05-03,2945.639893,26504.949219,0.009638,0.007494
2019-05-06,2932.469971,26438.480469,-0.004471,-0.002508
2019-05-07,2884.050049,25965.089844,-0.016512,-0.017905
2019-05-08,2879.419922,25967.330078,-0.001605,8.6e-05
2019-05-09,2870.719971,25828.359375,-0.003021,-0.005352
2019-05-10,2881.399902,25942.369141,0.00372,0.004414
2019-05-13,2811.870117,25324.990234,-0.024131,-0.023798
2019-05-14,2834.409912,25532.050781,0.008016,0.008176
2019-05-15,2850.959961,25648.019531,0.005839,0.004542
2019-05-16,2876.320068,25862.679688,0.008895,0.008369
2019-05-17,2859.530029,25764.0,-0.005837,-0.003816
2019-05-20,2840.22998,25679.900391,-0.006749,-0.003264
2019-05-21,2864.360107,25877.330078,0.008496,0.007688
2019-05-22,2856.27002,25776.609375,-0.002824,-0.003892
2019-05-23,2822.23999,25490.470703,-0.011914,-0.011101
2019-05-24,2826.060059,25585.689453,0.001354,0.003735
2019-05-28,2802.389893,25347.769531,-0.008376,-0.009299
2019-05-29,2783.02002,25126.410156,-0.006912,-0.008733
2019-05-30,2788.860107,25169.880859,0.002098,0.00173
2019-05-31,2752.060059,24815.039062,-0.013195,-0.014098
2019-06-03,2744.449951,24819.779297,-0.002765,0.000191
2019-06-04,2803.27002,25332.179688,0.021432,0.020645
2019-06-05,2826.149902,25539.570312,0.008162,0.008187
2019-06-06,2843.48999,25720.660156,0.006136,0.007091
2019-06-07,2873.340088,25983.939453,0.010498,0.010236
2019-06-10,2886.72998,26062.679688,0.00466,0.00303
2019-06-11,2885.719971,26048.509766,-0.00035,-0.000544
2019-06-12,2879.840088,26004.830078,-0.002038,-0.001677
2019-06-13,2891.639893,26106.769531,0.004097,0.00392
2019-06-14,2886.97998,26089.609375,-0.001612,-0.000657
2019-06-17,2889.669922,26112.529297,0.000932,0.000879
2019-06-18,2917.75,26465.539062,0.009717,0.013519
2019-06-19,2926.459961,26504.0,0.002985,0.001453
2019-06-20,2954.179932,26753.169922,0.009472,0.009401
2019-06-21,2950.459961,26719.130859,-0.001259,-0.001272
2019-06-24,2945.350098,26727.539062,-0.001732,0.000315
2019-06-25,2917.379883,26548.220703,-0.009496,-0.006709
2019-06-26,2913.780029,26536.820312,-0.001234,-0.000429
2019-06-27,2924.919922,26526.580078,0.003823,-0.000386
2019-06-28,2941.76001,26599.960938,0.005757,0.002766
2019-07-01,2964.330078,26717.429688,0.007672,0.004416
2019-07-02,2973.01001,26786.679688,0.002928,0.002592
2019-07-03,2995.820068,26966.0,0.007672,0.006694
2019-07-05,2990.409912,26922.119141,-0.001806,-0.001627
2019-07-08,2975.949951,26806.140625,-0.004835,-0.004308
2019-07-09,2979.629883,26783.490234,0.001237,-0.000845
2019-07-10,2993.070068,26860.199219,0.004511,0.002864
2019-07-11,2999.909912,27088.080078,0.002285,0.008484
2019-07-12,3013.77002,27332.029297,0.00462,0.009006
2019-07-15,3014.300049,27359.160156,0.000176,0.000993
2019-07-16,3004.040039,27335.630859,-0.003404,-0.00086
2019-07-17,2984.419922,27219.849609,-0.006531,-0.004236
2019-07-18,2995.110107,27222.970703,0.003582,0.000115
2019-07-19,2976.610107,27154.199219,-0.006177,-0.002526
2019-07-22,2985.030029,27171.900391,0.002829,0.000652
2019-07-23,3005.469971,27349.189453,0.006847,0.006525
2019-07-24,3019.560059,27269.970703,0.004688,-0.002897
2019-07-25,3003.669922,27140.980469,-0.005262,-0.00473
2019-07-26,3025.860107,27192.449219,0.007388,0.001896
2019-07-29,3020.969971,27221.349609,-0.001616,0.001063
2019-07-30,3013.179932,27198.019531,-0.002579,-0.000857
2019-07-31,2980.379883,26864.269531,-0.010886,-0.012271
2019-08-01,2953.560059,26583.419922,-0.008999,-0.010454
2019-08-02,2932.050049,26485.009766,-0.007283,-0.003702
2019-08-05,2844.73999,25717.740234,-0.029778,-0.02897
2019-08-06,2881.77002,26029.519531,0.013017,0.012123
2019-08-07,2883.97998,26007.070312,0.000767,-0.000862
2019-08-08,2938.090088,26378.189453,0.018762,0.01427
2019-08-09,2918.649902,26287.439453,-0.006617,-0.00344
2019-08-12,2882.699951,25896.439453,-0.012317,-0.014874
2019-08-13,2926.320068,26279.910156,0.015132,0.014808
2019-08-14,2840.600098,25479.419922,-0.029293,-0.03046
2019-08-15,2847.600098,25579.390625,0.002464,0.003924
2019-08-16,2888.679932,25886.009766,0.014426,0.011987
2019-08-19,2923.649902,26135.789062,0.012106,0.009649
2019-08-20,2900.51001,25962.439453,-0.007915,-0.006633
2019-08-21,2924.429932,26202.730469,0.008247,0.009255
2019-08-22,2922.949951,26252.240234,-0.000506,0.001889
2019-08-23,2847.110107,25628.900391,-0.025946,-0.023744
2019-08-26,2878.379883,25898.830078,0.010983,0.010532
2019-08-27,2869.159912,25777.900391,-0.003203,-0.004669
2019-08-28,2887.939941,26036.099609,0.006545,0.010016
2019-08-29,2924.580078,26362.25,0.012687,0.012527
2019-08-30,2926.459961,26403.279297,0.000643,0.001556
2019-09-03,2906.27002,26118.019531,-0.006899,-0.010804
2019-09-04,2937.780029,26355.470703,0.010842,0.009091
2019-09-05,2976.0,26728.150391,0.01301,0.014141
2019-09-06,2978.709961,26797.460938,0.000911,0.002593
2019-09-09,2978.429932,26835.509766,-9.4e-05,0.00142
2019-09-10,2979.389893,26909.429688,0.000322,0.002755
2019-09-11,3000.929932,27137.039062,0.00723,0.008458
2019-09-12,3009.570068,27182.449219,0.002879,0.001673
2019-09-13,3007.389893,27219.519531,-0.000724,0.001364
2019-09-16,2997.959961,27076.820312,-0.003136,-0.005243
2019-09-17,3005.699951,27110.800781,0.002582,0.001255
2019-09-18,3006.72998,27147.080078,0.000343,0.001338
2019-09-19,3006.790039,27094.789062,2e-05,-0.001926
2019-09-20,2992.070068,26935.070312,-0.004896,-0.005895
2019-09-23,2991.780029,26949.990234,-9.7e-05,0.000554
2019-09-24,2966.600098,26807.769531,-0.008416,-0.005277
2019-09-25,2984.870117,26970.710938,0.006159,0.006078
2019-09-26,2977.620117,26891.119141,-0.002429,-0.002951
2019-09-27,2961.790039,26820.25,-0.005316,-0.002635
2019-09-30,2976.73999,26916.830078,0.005048,0.003601
2019-10-01,2940.25,26573.039062,-0.012258,-0.012772
2019-10-02,2887.610107,26078.619141,-0.017903,-0.018606
2019-10-03,2910.629883,26201.039062,0.007972,0.004694
2019-10-04,2952.01001,26573.720703,0.014217,0.014224
2019-10-07,2938.790039,26478.019531,-0.004478,-0.003601
2019-10-08,2893.060059,26164.039062,-0.015561,-0.011858
2019-10-09,2919.399902,26346.009766,0.009104,0.006955
2019-10-10,2938.129883,26496.669922,0.006416,0.005719
2019-10-11,2970.27002,26816.589844,0.010939,0.012074
2019-10-14,2966.149902,26787.359375,-0.001387,-0.00109
2019-10-15,2995.679932,27024.800781,0.009956,0.008864
2019-10-16,2989.689941,27001.980469,-0.002,-0.000844
2019-10-17,2997.949951,27025.880859,0.002763,0.000885
2019-10-18,2986.199951,26770.199219,-0.003919,-0.009461
2019-10-21,3006.719971,26827.640625,0.006872,0.002146
2019-10-22,2995.98999,26788.099609,-0.003569,-0.001474
2019-10-23,3004.52002,26833.949219,0.002847,0.001712
2019-10-24,3010.290039,26805.529297,0.00192,-0.001059
2019-10-25,3022.550049,26958.060547,0.004073,0.00569
2019-10-28,3039.419922,27090.720703,0.005581,0.004921
2019-10-29,3036.889893,27071.460938,-0.000832,-0.000711
2019-10-30,3046.77002,27186.689453,0.003253,0.004256
2019-10-31,3037.560059,27046.230469,-0.003023,-0.005166
2019-11-01,3066.909912,27347.359375,0.009662,0.011134
2019-11-04,3078.27002,27462.109375,0.003704,0.004196
2019-11-05,3074.620117,27492.630859,-0.001186,0.001111
2019-11-06,3076.780029,27492.560547,0.000702,-3e-06
2019-11-07,3085.179932,27674.800781,0.00273,0.006629
2019-11-08,3093.080078,27681.240234,0.002561,0.000233
2019-11-11,3087.01001,27691.490234,-0.001962,0.00037
2019-11-12,3091.840088,27691.490234,0.001565,0.0
2019-11-13,3094.040039,27783.589844,0.000712,0.003326
2019-11-14,3096.629883,27781.960938,0.000837,-5.9e-05
2019-11-15,3120.459961,28004.890625,0.007695,0.008024
2019-11-18,3122.030029,28036.220703,0.000503,0.001119
2019-11-19,3120.179932,27934.019531,-0.000593,-0.003645
2019-11-20,3108.459961,27821.089844,-0.003756,-0.004043
2019-11-21,3103.540039,27766.289062,-0.001583,-0.00197
2019-11-22,3110.290039,27875.619141,0.002175,0.003938
2019-11-25,3133.639893,28066.470703,0.007507,0.006847
2019-11-26,3140.52002,28121.679688,0.002196,0.001967
2019-11-27,3153.629883,28164.0,0.004174,0.001505
2019-11-29,3140.97998,28051.410156,-0.004011,-0.003998
2019-12-02,3113.870117,27783.039062,-0.008631,-0.009567
2019-12-03,3093.199951,27502.810547,-0.006638,-0.010086
2019-12-04,3112.76001,27649.779297,0.006324,0.005344
2019-12-05,3117.429932,27677.789062,0.0015,0.001013
2019-12-06,3145.909912,28015.060547,0.009136,0.012186
2019-12-09,3135.959961,27909.599609,-0.003163,-0.003764
2019-12-10,3132.52002,27881.720703,-0.001097,-0.000999
2019-12-11,3141.629883,27911.300781,0.002908,0.001061
2019-12-12,3168.570068,28132.050781,0.008575,0.007909
2019-12-13,3168.800049,28135.380859,7.3e-05,0.000118
2019-12-16,3191.449951,28235.890625,0.007148,0.003572
2019-12-17,3192.52002,28267.160156,0.000335,0.001107
2019-12-18,3191.139893,28239.279297,-0.000432,-0.000986
2019-12-19,3205.370117,28376.960938,0.004459,0.004876
2019-12-20,3221.219971,28455.089844,0.004945,0.002753
2019-12-23,3224.01001,28551.529297,0.000866,0.003389
2019-12-24,3223.379883,28515.449219,-0.000195,-0.001264
2019-12-26,3239.909912,28621.390625,0.005128,0.003715
2019-12-27,3240.02002,28645.259766,3.4e-05,0.000834
2019-12-30,3221.290039,28462.140625,-0.005781,-0.006393
2019-12-31,3230.780029,28538.439453,0.002946,0.002681
2020-01-02,3257.850098,28868.800781,0.008379,0.011576
2020-01-03,3234.850098,28634.880859,-0.00706,-0.008103
2020-01-06,3246.280029,28703.380859,0.003533,0.002392
2020-01-07,3237.179932,28583.679688,-0.002803,-0.00417
2020-01-08,3253.050049,28745.089844,0.004902,0.005647
2020-01-09,3274.699951,28956.900391,0.006655,0.007369
2020-01-10,3265.350098,28823.769531,-0.002855,-0.004598
2020-01-13,3288.129883,28907.050781,0.006976,0.002889
2020-01-14,3283.149902,28939.669922,-0.001515,0.001128
2020-01-15,3289.290039,29030.220703,0.00187,0.003129
2020-01-16,3316.810059,29297.640625,0.008367,0.009212
2020-01-17,3329.620117,29348.099609,0.003862,0.001722
2020-01-21,3320.790039,29196.039062,-0.002652,-0.005181
2020-01-22,3321.75,29186.269531,0.000289,-0.000335
2020-01-23,3325.540039,29160.089844,0.001141,-0.000897
2020-01-24,3295.469971,28989.730469,-0.009042,-0.005842
2020-01-27,3243.629883,28535.800781,-0.015731,-0.015658
2020-01-28,3276.23999,28722.849609,0.010054,0.006555
2020-01-29,3273.399902,28734.449219,-0.000867,0.000404
2020-01-30,3283.659912,28859.439453,0.003134,0.00435
2020-01-31,3225.52002,28256.029297,-0.017706,-0.020909
2020-02-03,3248.919922,28399.810547,0.007255,0.005089
2020-02-04,3297.590088,28807.630859,0.01498,0.01436
2020-02-05,3334.689941,29290.849609,0.011251,0.016774
2020-02-06,3345.780029,29379.769531,0.003326,0.003036
2020-02-07,3327.709961,29102.509766,-0.005401,-0.009437
2020-02-10,3352.090088,29276.820312,0.007326,0.00599
2020-02-11,3357.75,29276.339844,0.001688,-1.6e-05
2020-02-12,3379.449951,29551.419922,0.006463,0.009396
2020-02-13,3373.939941,29423.310547,-0.00163,-0.004335
2020-02-14,3380.159912,29398.080078,0.001844,-0.000857
2020-02-18,3370.290039,29232.189453,-0.00292,-0.005643
2020-02-19,3386.149902,29348.029297,0.004706,0.003963
2020-02-20,3373.22998,29219.980469,-0.003816,-0.004363
2020-02-21,3337.75,28992.410156,-0.010518,-0.007788
2020-02-24,3225.889893,27960.800781,-0.033514,-0.035582
2020-02-25,3128.209961,27081.359375,-0.03028,-0.031453
2020-02-26,3116.389893,26957.589844,-0.003779,-0.00457
2020-02-27,2978.76001,25766.640625,-0.044163,-0.044179
2020-02-28,2954.219971,25409.359375,-0.008238,-0.013866
2020-03-02,3090.22998,26703.320312,0.046039,0.050925
2020-03-03,3003.370117,25917.410156,-0.028108,-0.029431
2020-03-04,3130.120117,27090.859375,0.042203,0.045276
2020-03-05,3023.939941,26121.279297,-0.033922,-0.03579
2020-03-06,2972.370117,25864.779297,-0.017054,-0.00982
2020-03-09,2746.560059,23851.019531,-0.07597,-0.077857
2020-03-10,2882.22998,25018.160156,0.049396,0.048935
2020-03-11,2741.379883,23553.220703,-0.048868,-0.058555
2020-03-12,2480.639893,21200.619141,-0.095113,-0.099884
2020-03-13,2711.02002,23185.619141,0.092871,0.093629
2020-03-16,2386.129883,20188.519531,-0.119841,-0.129265
2020-03-17,2529.189941,21237.380859,0.059955,0.051953
2020-03-18,2398.100098,19898.919922,-0.051831,-0.063024
2020-03-19,2409.389893,20087.189453,0.004708,0.009461
2020-03-20,2304.919922,19173.980469,-0.04336,-0.045462
2020-03-23,2237.399902,18591.929688,-0.029294,-0.030356
2020-03-24,2447.330078,20704.910156,0.093828,0.11365
2020-03-25,2475.560059,21200.550781,0.011535,0.023938
2020-03-26,2630.070068,22552.169922,0.062414,0.063754
2020-03-27,2541.469971,21636.779297,-0.033687,-0.04059
2020-03-30,2626.649902,22327.480469,0.033516,0.031923
2020-03-31,2584.590088,21917.160156,-0.016013,-0.018377
2020-04-01,2470.5,20943.509766,-0.044142,-0.044424
2020-04-02,2526.899902,21413.439453,0.022829,0.022438
2020-04-03,2488.649902,21052.529297,-0.015137,-0.016854
2020-04-06,2663.679932,22679.990234,0.070331,0.077305
2020-04-07,2659.409912,22653.859375,-0.001603,-0.001152
2020-04-08,2749.97998,23433.570312,0.034056,0.034418
2020-04-09,2789.820068,23719.369141,0.014487,0.012196
2020-04-13,2761.629883,23390.769531,-0.010105,-0.013854
2020-04-14,2846.060059,23949.759766,0.030573,0.023898
2020-04-15,2783.360107,23504.349609,-0.02203,-0.018598
2020-04-16,2799.550049,23537.679688,0.005817,0.001418
2020-04-17,2874.560059,24242.490234,0.026794,0.029944
2020-04-20,2823.159912,23650.439453,-0.017881,-0.024422
2020-04-21,2736.560059,23018.880859,-0.030675,-0.026704
2020-04-22,2799.310059,23475.820312,0.02293,0.019851
2020-04-23,2797.800049,23515.259766,-0.000539,0.00168
2020-04-24,2836.73999,23775.269531,0.013918,0.011057
2020-04-27,2878.47998,24133.779297,0.014714,0.015079
2020-04-28,2863.389893,24101.550781,-0.005242,-0.001335
2020-04-29,2939.51001,24633.859375,0.026584,0.022086
2020-04-30,2912.429932,24345.720703,-0.009212,-0.011697
2020-05-01,2830.709961,23723.689453,-0.028059,-0.02555
2020-05-04,2842.73999,23749.759766,0.00425,0.001099
2020-05-05,2868.439941,23883.089844,0.009041,0.005614
2020-05-06,2848.419922,23664.640625,-0.006979,-0.009147
2020-05-07,2881.189941,23875.890625,0.011505,0.008927
2020-05-08,2929.800049,24331.320312,0.016872,0.019075
2020-05-11,2930.189941,24221.990234,0.000133,-0.004493
2020-05-12,2870.120117,23764.779297,-0.0205,-0.018876
2020-05-13,2820.0,23247.970703,-0.017463,-0.021747
2020-05-14,2852.5,23625.339844,0.011525,0.016232
2020-05-15,2863.699951,23685.419922,0.003926,0.002543
2020-05-18,2953.909912,24597.369141,0.031501,0.038503
2020-05-19,2922.939941,24206.859375,-0.010484,-0.015876
2020-05-20,2971.610107,24575.900391,0.016651,0.015245
2020-05-21,2948.51001,24474.119141,-0.007774,-0.004142
2020-05-22,2955.449951,24465.160156,0.002354,-0.000366
2020-05-26,2991.77002,24995.109375,0.012289,0.021661
2020-05-27,3036.129883,25548.269531,0.014827,0.022131
2020-05-28,3029.72998,25400.640625,-0.002108,-0.005778
2020-05-29,3044.310059,25383.109375,0.004812,-0.00069
2020-06-01,3055.72998,25475.019531,0.003751,0.003621
2020-06-02,3080.820068,25742.650391,0.008211,0.010506
2020-06-03,3122.870117,26269.890625,0.013649,0.020481
2020-06-04,3112.350098,26281.820312,-0.003369,0.000454
2020-06-05,3193.929932,27110.980469,0.026212,0.031549
2020-06-08,3232.389893,27572.439453,0.012042,0.017021
2020-06-09,3207.179932,27272.300781,-0.007799,-0.010885
2020-06-10,3190.139893,26989.990234,-0.005313,-0.010352
2020-06-11,3002.100098,25128.169922,-0.058944,-0.068982
2020-06-12,3041.310059,25605.539062,0.013061,0.018997
2020-06-15,3066.590088,25763.160156,0.008312,0.006156
2020-06-16,3124.73999,26289.980469,0.018962,0.020449
2020-06-17,3113.48999,26119.609375,-0.0036,-0.00648
2020-06-18,3115.340088,26080.099609,0.000594,-0.001513
2020-06-19,3097.73999,25871.460938,-0.005649,-0.008
2020-06-22,3117.860107,26024.960938,0.006495,0.005933
2020-06-23,3131.290039,26156.099609,0.004307,0.005039
2020-06-24,3050.330078,25445.939453,-0.025855,-0.027151
2020-06-25,3083.76001,25745.599609,0.010959,0.011776
2020-06-26,3009.050049,25015.550781,-0.024227,-0.028356
2020-06-29,3053.23999,25595.800781,0.014686,0.023196
2020-06-30,3100.290039,25812.880859,0.01541,0.008481
2020-07-01,3115.860107,25734.970703,0.005022,-0.003018
2020-07-02,3130.01001,25827.359375,0.004541,0.00359
2020-07-06,3179.719971,26287.029297,0.015882,0.017798
2020-07-07,3145.320068,25890.179688,-0.010819,-0.015097
2020-07-08,3169.939941,26067.279297,0.007827,0.00684
2020-07-09,3152.050049,25706.089844,-0.005644,-0.013856
2020-07-10,3185.040039,26075.300781,0.010466,0.014363
2020-07-13,3155.219971,26085.800781,-0.009363,0.000403
2020-07-14,3197.52002,26642.589844,0.013406,0.021345
2020-07-15,3226.560059,26870.099609,0.009082,0.008539
2020-07-16,3215.570068,26734.710938,-0.003406,-0.005039
2020-07-17,3224.72998,26671.949219,0.002849,-0.002348
2020-07-20,3251.840088,26680.869141,0.008407,0.000334
2020-07-21,3257.300049,26840.400391,0.001679,0.005979
2020-07-22,3276.02002,27005.839844,0.005747,0.006164
2020-07-23,3235.659912,26652.330078,-0.01232,-0.01309
2020-07-24,3215.629883,26469.890625,-0.00619,-0.006845
2020-07-27,3239.409912,26584.769531,0.007395,0.00434
2020-07-28,3218.439941,26379.279297,-0.006473,-0.00773
2020-07-29,3258.439941,26539.570312,0.012428,0.006076
2020-07-30,3246.219971,26313.650391,-0.00375,-0.008513
2020-07-31,3271.120117,26428.320312,0.007671,0.004358
2020-08-03,3294.610107,26664.400391,0.007181,0.008933
2020-08-04,3306.51001,26828.470703,0.003612,0.006153
2020-08-05,3327.77002,27201.519531,0.00643,0.013905
2020-08-06,3349.159912,27386.980469,0.006428,0.006818
2020-08-07,3351.280029,27433.480469,0.000633,0.001698
2020-08-10,3360.469971,27791.439453,0.002742,0.013048
2020-08-11,3333.689941,27686.910156,-0.007969,-0.003761
2020-08-12,3380.350098,27976.839844,0.013997,0.010472
2020-08-13,3373.429932,27896.720703,-0.002047,-0.002864
2020-08-14,3372.850098,27931.019531,-0.000172,0.001229
2020-08-17,3381.98999,27844.910156,0.00271,-0.003083
2020-08-18,3389.780029,27778.070312,0.002303,-0.0024
2020-08-19,3374.850098,27692.880859,-0.004404,-0.003067
2020-08-20,3385.51001,27739.730469,0.003159,0.001692
2020-08-21,3397.159912,27930.330078,0.003441,0.006871
2020-08-24,3431.280029,28308.460938,0.010044,0.013538
2020-08-25,3443.620117,28248.439453,0.003596,-0.00212
2020-08-26,3478.72998,28331.919922,0.010196,0.002955
2020-08-27,3484.550049,28492.269531,0.001673,0.00566
2020-08-28,3508.01001,28653.869141,0.006733,0.005672
2020-08-31,3500.310059,28430.050781,-0.002195,-0.007811
2020-09-01,3526.649902,28645.660156,0.007525,0.007584
2020-09-02,3580.840088,29100.5,0.015366,0.015878
2020-09-03,3455.060059,28292.730469,-0.035126,-0.027758
2020-09-04,3426.959961,28133.310547,-0.008133,-0.005635
2020-09-08,3331.840088,27500.890625,-0.027756,-0.022479
2020-09-09,3398.959961,27940.470703,0.020145,0.015984
2020-09-10,3339.189941,27534.580078,-0.017585,-0.014527
2020-09-11,3340.969971,27665.640625,0.000533,0.00476
2020-09-14,3383.540039,27993.330078,0.012742,0.011845
2020-09-15,3401.199951,27995.599609,0.005219,8.1e-05
2020-09-16,3385.48999,28032.380859,-0.004619,0.001314
2020-09-17,3357.01001,27901.980469,-0.008412,-0.004652
2020-09-18,3319.469971,27657.419922,-0.011183,-0.008765
2020-09-21,3281.060059,27147.699219,-0.011571,-0.01843
2020-09-22,3315.570068,27288.179688,0.010518,0.005175
2020-09-23,3236.919922,26763.130859,-0.023721,-0.019241
2020-09-24,3246.590088,26815.439453,0.002987,0.001955
2020-09-25,3298.459961,27173.960938,0.015977,0.01337
2020-09-28,3351.600098,27584.060547,0.016111,0.015092
2020-09-29,3335.469971,27452.660156,-0.004813,-0.004764
2020-09-30,3363.0,27781.699219,0.008254,0.011986
2020-10-01,3380.800049,27816.900391,0.005293,0.001267
2020-10-02,3348.419922,27682.810547,-0.009578,-0.00482
2020-10-05,3408.600098,28148.640625,0.017973,0.016827
2020-10-06,3360.969971,27772.759766,-0.013974,-0.013353
2020-10-07,3419.439941,28303.460938,0.017397,0.019109
2020-10-08,3446.830078,28425.509766,0.00801,0.004312
2020-10-09,3477.139893,28586.900391,0.008794,0.005678
2020-10-12,3534.219971,28837.519531,0.016416,0.008767
2020-10-13,3511.929932,28679.810547,-0.006307,-0.005469
2020-10-14,3488.669922,28514.0,-0.006623,-0.005781
2020-10-15,3483.340088,28494.199219,-0.001528,-0.000694
2020-10-16,3483.810059,28606.310547,0.000135,0.003935
2020-10-19,3426.919922,28195.419922,-0.01633,-0.014364
2020-10-20,3443.120117,28308.789062,0.004727,0.004021
2020-10-21,3435.560059,28210.820312,-0.002196,-0.003461
2020-10-22,3453.48999,28363.660156,0.005219,0.005418
2020-10-23,3465.389893,28335.570312,0.003446,-0.00099
2020-10-26,3400.969971,27685.380859,-0.01859,-0.022946
2020-10-27,3390.679932,27463.189453,-0.003026,-0.008026
2020-10-28,3271.030029,26519.949219,-0.035288,-0.034346
2020-10-29,3310.110107,26659.109375,0.011947,0.005247
2020-10-30,3269.959961,26501.599609,-0.01213,-0.005908
2020-11-02,3310.23999,26925.050781,0.012318,0.015978
2020-11-03,3369.159912,27480.029297,0.017799,0.020612
2020-11-04,3443.439941,27847.660156,0.022047,0.013378
2020-11-05,3510.449951,28390.179688,0.01946,0.019482
2020-11-06,3509.439941,28323.400391,-0.000288,-0.002352
2020-11-09,3550.5,29157.970703,0.0117,0.029466
2020-11-10,3545.530029,29420.919922,-0.0014,0.009018
2020-11-11,3572.659912,29397.630859,0.007652,-0.000792
2020-11-12,3537.01001,29080.169922,-0.009979,-0.010799
2020-11-13,3585.149902,29479.810547,0.01361,0.013743
2020-11-16,3626.909912,29950.439453,0.011648,0.015964
2020-11-17,3609.530029,29783.349609,-0.004792,-0.005579
2020-11-18,3567.790039,29438.419922,-0.011564,-0.011581
2020-11-19,3581.870117,29483.230469,0.003946,0.001522
2020-11-20,3557.540039,29263.480469,-0.006793,-0.007453
2020-11-23,3577.590088,29591.269531,0.005636,0.011201
2020-11-24,3635.409912,30046.240234,0.016162,0.015375
2020-11-25,3629.649902,29872.470703,-0.001584,-0.005783
2020-11-27,3638.350098,29910.369141,0.002397,0.001269
2020-11-30,3621.629883,29638.640625,-0.004596,-0.009085
2020-12-01,3662.449951,29823.919922,0.011271,0.006251
2020-12-02,3669.01001,29883.789062,0.001791,0.002007
2020-12-03,3666.719971,29969.519531,-0.000624,0.002869
2020-12-04,3699.120117,30218.259766,0.008836,0.0083
2020-12-07,3691.959961,30069.789062,-0.001936,-0.004913
2020-12-08,3702.25,30173.880859,0.002787,0.003462
2020-12-09,3672.820068,30068.810547,-0.007949,-0.003482
2020-12-10,3668.100098,29999.259766,-0.001285,-0.002313
2020-12-11,3663.459961,30046.369141,-0.001265,0.00157
2020-12-14,3647.48999,29861.550781,-0.004359,-0.006151
2020-12-15,3694.620117,30199.310547,0.012921,0.011311
2020-12-16,3701.169922,30154.539062,0.001773,-0.001483
2020-12-17,3722.47998,30303.369141,0.005758,0.004936
2020-12-18,3709.409912,30179.050781,-0.003511,-0.004102
2020-12-21,3694.919922,30216.449219,-0.003906,0.001239
2020-12-22,3687.26001,30015.509766,-0.002073,-0.00665
2020-12-23,3690.01001,30129.830078,0.000746,0.003809
2020-12-24,3703.060059,30199.869141,0.003537,0.002325
2020-12-28,3735.360107,30403.970703,0.008723,0.006758
2020-12-29,3727.040039,30335.669922,-0.002227,-0.002246
2020-12-30,3732.040039,30409.560547,0.001342,0.002436
2020-12-31,3756.070068,30606.480469,0.006439,0.006476
2021-01-04,3700.649902,30223.890625,-0.014755,-0.0125
2021-01-05,3726.860107,30391.599609,0.007083,0.005549
2021-01-06,3748.139893,30829.400391,0.00571,0.014405
2021-01-07,3803.790039,31041.130859,0.014847,0.006868
2021-01-08,3824.679932,31097.970703,0.005492,0.001831
2021-01-11,3799.610107,31008.689453,-0.006555,-0.002871
2021-01-12,3801.189941,31068.689453,0.000416,0.001935
2021-01-13,3809.840088,31060.470703,0.002276,-0.000265
2021-01-14,3795.540039,30991.519531,-0.003753,-0.00222
2021-01-15,3768.25,30814.259766,-0.00719,-0.00572
2021-01-19,3798.909912,30930.519531,0.008136,0.003773
2021-01-20,3851.850098,31188.380859,0.013936,0.008337
2021-01-21,3853.070068,31176.009766,0.000317,-0.000397
2021-01-22,3841.469971,30996.980469,-0.003011,-0.005743
2021-01-25,3855.360107,30960.0,0.003616,-0.001193
2021-01-26,3849.620117,30937.039062,-0.001489,-0.000742
2021-01-27,3750.77002,30303.169922,-0.025678,-0.020489
2021-01-28,3787.379883,30603.359375,0.009761,0.009906
2021-01-29,3714.23999,29982.619141,-0.019311,-0.020283
2021-02-01,3773.860107,30211.910156,0.016052,0.007647
2021-02-02,3826.310059,30687.480469,0.013898,0.015741
2021-02-03,3830.169922,30723.599609,0.001009,0.001177
2021-02-04,3871.73999,31055.859375,0.010853,0.010814
2021-02-05,3886.830078,31148.240234,0.003897,0.002975
2021-02-08,3915.590088,31385.759766,0.007399,0.007625
2021-02-09,3911.22998,31375.830078,-0.001114,-0.000316
2021-02-10,3909.879883,31437.800781,-0.000345,0.001975
2021-02-11,3916.379883,31430.699219,0.001662,-0.000226
2021-02-12,3934.830078,31458.400391,0.004711,0.000881
2021-02-16,3932.590088,31522.75,-0.000569,0.002046
2021-02-17,3931.330078,31613.019531,-0.00032,0.002864
2021-02-18,3913.969971,31493.339844,-0.004416,-0.003786
2021-02-19,3906.709961,31494.320312,-0.001855,3.1e-05
2021-02-22,3876.5,31521.689453,-0.007733,0.000869
2021-02-23,3881.370117,31537.349609,0.001256,0.000497
2021-02-24,3925.429932,31961.859375,0.011352,0.013461
2021-02-25,3829.340088,31402.009766,-0.024479,-0.017516
2021-02-26,3811.149902,30932.369141,-0.00475,-0.014956
2021-03-01,3901.820068,31535.509766,0.023791,0.019499
2021-03-02,3870.290039,31391.519531,-0.008081,-0.004566
2021-03-03,3819.719971,31270.089844,-0.013066,-0.003868
2021-03-04,3768.469971,30924.140625,-0.013417,-0.011063
2021-03-05,3841.939941,31496.300781,0.019496,0.018502
2021-03-08,3821.350098,31802.439453,-0.005359,0.00972
2021-03-09,3875.439941,31832.740234,0.014155,0.000953
2021-03-10,3898.810059,32297.019531,0.00603,0.014585
2021-03-11,3939.340088,32485.589844,0.010395,0.005839
2021-03-12,3943.340088,32778.640625,0.001015,0.009021
2021-03-15,3968.939941,32953.460938,0.006492,0.005333
2021-03-16,3962.709961,32825.949219,-0.00157,-0.003869
2021-03-17,3974.120117,33015.371094,0.002879,0.00577
2021-03-18,3915.459961,32862.300781,-0.014761,-0.004636
2021-03-19,3913.100098,32627.970703,-0.000603,-0.007131
2021-03-22,3940.590088,32731.199219,0.007025,0.003164
2021-03-23,3910.52002,32423.150391,-0.007631,-0.009411
2021-03-24,3889.139893,32420.060547,-0.005467,-9.5e-05
2021-03-25,3909.52002,32619.480469,0.00524,0.006151
2021-03-26,3974.540039,33072.878906,0.016631,0.0139
2021-03-29,3971.090088,33171.371094,-0.000868,0.002978
2021-03-30,3958.550049,33066.960938,-0.003158,-0.003148
2021-03-31,3972.889893,32981.550781,0.003622,-0.002583
2021-04-01,4019.870117,33153.210938,0.011825,0.005205
2021-04-05,4077.909912,33527.191406,0.014438,0.01128
2021-04-06,4073.939941,33430.238281,-0.000974,-0.002892
2021-04-07,4079.949951,33446.261719,0.001475,0.000479
2021-04-08,4097.169922,33503.570312,0.004221,0.001713
2021-04-09,4128.799805,33800.601562,0.00772,0.008866
2021-04-12,4127.990234,33745.398438,-0.000196,-0.001633
2021-04-13,4141.589844,33677.269531,0.003294,-0.002019
2021-04-14,4124.660156,33730.890625,-0.004088,0.001592
2021-04-15,4170.419922,34035.988281,0.011094,0.009045
2021-04-16,4185.470215,34200.671875,0.003609,0.004839
2021-04-19,4163.259766,34077.628906,-0.005307,-0.003598
2021-04-20,4134.939941,33821.300781,-0.006802,-0.007522
2021-04-21,4173.419922,34137.308594,0.009306,0.009343
2021-04-22,4134.97998,33815.898438,-0.009211,-0.009415
2021-04-23,4180.169922,34043.488281,0.010929,0.00673
2021-04-26,4187.620117,33981.570312,0.001782,-0.001819
2021-04-27,4186.720215,33984.929688,-0.000215,9.9e-05
2021-04-28,4183.180176,33820.378906,-0.000846,-0.004842
2021-04-29,4211.470215,34060.359375,0.006763,0.007096
2021-04-30,4181.169922,33874.851562,-0.007195,-0.005446
