Date,sp500_rtn,DJ30_rtn,BTC_rtn,ETH_rtn,BNB_rtn,XRP_rtn,USDT_rtn,DOGE_rtn,ADA_rtn,BCH_rtn,LTC_rtn,LINK_rtn,_merge
2019-03-01,,,,,,,,,,,,,both
2019-03-04,-0.0038810000000000003,-0.007941,-0.022255,-0.033839999999999995,0.000697,-0.023743,0.0013830000000000001,-0.008504000000000001,-0.040414,-0.048905000000000004,-0.04027,-0.038564999999999995,both
2019-03-05,-0.001132,-0.000504,0.035841000000000005,0.078641,0.196261,0.037276,-0.000458,0.0015140000000000002,0.064283,0.05903200000000001,0.144306,0.061759,both
2019-03-06,-0.006523999999999999,-0.0051600000000000005,0.0019420000000000001,0.007016,0.051114,0.001656,-0.0005650000000000001,-0.001008,-0.008539,0.005729,0.04991,-0.002716,both
2019-03-07,-0.008126000000000001,-0.0077989999999999995,0.0019320000000000001,-0.005439,0.043253,-0.007144,-0.0020859999999999997,0.004034,0.002357,-0.008343000000000001,0.025182,0.055603999999999994,both
2019-03-08,-0.002132,-0.0009029999999999999,-0.002647,-0.021063,-0.05143,-0.014865,0.001041,-0.005525,-0.006520000000000001,-0.020322999999999997,-0.019051,0.02275,both
2019-03-11,0.014666,0.007884,-0.011734999999999999,-0.021384999999999998,0.0013779999999999999,-0.006522,-4.2e-05,-0.016508000000000002,0.042343,-0.019819999999999997,-0.030808,-0.068314,both
2019-03-12,0.0029530000000000003,-0.003751,0.001006,0.004549,0.061437,-0.002778,-0.002163,0.023398,-0.004954999999999999,-0.009651999999999999,0.028451999999999998,0.045052999999999996,both
2019-03-13,0.00695,0.005801,-0.000624,-0.008776,-0.018889,0.012563,0.003462,0.006461,-0.017026,-0.00011200000000000001,-0.018665,-0.008273,both
2019-03-14,-0.000868,0.00027400000000000005,0.004518,0.0033659999999999996,-0.004236,-0.003639,0.000618,0.006914,0.031445,0.038502999999999996,0.011639,0.013595,both
2019-03-15,0.004985,0.005404,0.009312,0.029767000000000002,0.001727,0.006701,-0.0008960000000000001,0.004414,0.042076999999999996,0.075397,0.042504,-0.0020570000000000002,both
2019-03-18,0.003706,0.0025239999999999998,0.001808,-0.004471,-0.005021,-0.000542,0.001713,0.0009609999999999999,0.00488,0.041102,-0.015985,-0.006142,both
2019-03-19,-0.000131,-0.001031,0.009593,0.008212,0.000739,0.0058,0.00303,0.003841,0.042456,-0.00040899999999999997,0.0058200000000000005,0.009729,both
2019-03-20,-0.002944,-0.005474000000000001,0.004,0.00119,-0.026352999999999998,0.00103,-0.0034049999999999996,-0.014347,0.024661000000000002,-0.011666,0.003811,0.0014320000000000001,both
2019-03-21,0.010851999999999999,0.008422,-0.014225999999999999,-0.028789999999999996,-0.04991,-0.021564,0.001167,-0.003396,-0.018389,-0.035918,-0.024130000000000002,-0.051483,both
2019-03-22,-0.018975,-0.017725,-0.00133,0.003991,0.051595,-0.003764,-0.004065999999999999,-0.000974,0.09758,0.023091999999999998,0.0075060000000000005,0.01168,both
2019-03-25,-0.000839,0.0005690000000000001,-0.014693000000000001,-0.014278,-0.025707,-0.015978,0.0019030000000000002,-0.0053549999999999995,-0.043417000000000004,-0.026023,-0.012074,0.043799,both
2019-03-26,0.007183,0.005522,0.005554,0.00318,-0.030007,0.0033049999999999998,0.0027660000000000002,0.005384000000000001,0.056671000000000006,-0.001114,-0.002575,-0.026856,both
2019-03-27,-0.004644,-0.001253,0.025592,0.040808,0.027282999999999998,0.024274,0.001894,0.015093,0.083774,0.072737,0.049000999999999996,0.078235,both
2019-03-28,0.003589,0.003585,-0.0043939999999999995,-0.011148,0.001429,-0.010302,-0.001384,-0.0052759999999999994,-0.026141,-0.021518000000000002,-0.017363999999999997,0.007178,both
2019-03-29,0.006734,0.008213,0.007193000000000001,0.022099,-0.017565,-0.004259000000000001,-0.012223000000000001,0.006268,0.082959,0.005877,0.002144,-0.007859999999999999,both
2019-04-01,0.011569,0.012717000000000001,0.188647,0.158625,0.137235,0.136695,0.0076040000000000005,0.34375,0.225404,0.397751,0.25409899999999996,0.151032,both
2019-04-02,1.7e-05,-0.00302,0.019087,-0.015265,-0.052387,-0.026358999999999997,-0.00066,0.132021,0.061497,0.263496,0.11456,-0.032221,both
2019-04-03,0.002148,0.00149,-0.010099,-0.021097,0.020777,-0.028404000000000002,-0.002065,0.168458,-0.036959,-0.0395,0.0006940000000000001,-0.041052,both
2019-04-04,0.002085,0.006351,0.023134000000000002,0.047214,0.016235,0.088087,0.00158,-0.028942000000000002,0.044134,0.021194,0.043503,0.064967,both
2019-04-05,0.004636,0.0015300000000000001,0.004594,0.002612,-0.017366,-0.020447999999999997,-0.003324,-0.042061,-0.010270999999999999,0.045902,0.043929,-0.012742,both
2019-04-08,0.001047,-0.0031780000000000003,-0.016033000000000002,-0.022991,0.017741,-0.024487000000000002,-0.00112,-0.052874000000000004,-0.037467,-0.045506,-0.030238,-0.060149,both
2019-04-09,-0.006067,-0.0072299999999999994,0.022977,0.006944,-0.010115,0.015252000000000002,-0.004059,0.047503,0.07421,0.030996,0.018330000000000003,-0.026975,both
2019-04-10,0.003478,0.000252,-0.048842,-0.066768,-0.030035000000000003,-0.067104,0.0018399999999999998,-0.076796,-0.073129,-0.10651400000000001,-0.098438,-0.06561,both
2019-04-11,3.8e-05,-0.000539,0.004946,-0.004596,0.041456,-0.014013,0.001577,0.024023,0.000935,0.037195,-0.008962000000000001,0.018981,both
2019-04-12,0.006609,0.010298999999999999,0.001385,-0.001354,0.015489,-0.000965,-0.000453,0.005602,0.003211,-0.011963,-0.009405,0.08853899999999999,both
2019-04-15,-0.000629,-0.001042,0.033244,0.03744,0.021906000000000002,0.019647,0.009301,0.016128999999999998,0.017933,0.013333000000000001,0.029025,0.022022999999999997,both
2019-04-16,0.000509,0.002573,0.003128,-0.004013,-0.011303,0.025167,-0.004171,-0.008818000000000001,-0.008462,-0.023582,-0.024853,-0.005556,both
2019-04-17,-0.002274,-0.000118,0.008844,0.04111,0.12422000000000001,0.004804999999999999,-0.0013039999999999998,0.048399,-0.015637,-0.012368,0.034634,0.048181,both
2019-04-18,0.0015789999999999999,0.004159,0.001024,-0.000607,0.11057,-0.015318,0.000918,-0.017991,-0.027819999999999998,-0.000482,0.006023,-0.019246,both
2019-04-22,0.0010119999999999999,-0.0018260000000000001,0.03204,-0.002484,-0.043158999999999996,-0.008372,0.0022199999999999998,-0.009292,-0.045054000000000004,-0.005594,-0.027331,-0.030566000000000003,both
2019-04-23,0.008841,0.005482,-0.019291,-0.03279,0.011051,-0.05885,-0.002736,-0.06241,-0.025213,-0.042026999999999995,-0.020523,-0.0065840000000000004,both
2019-04-24,-0.0021920000000000004,-0.002226,-0.046543,-0.06854600000000001,-0.038305,-0.042783,-0.012685,-0.035782999999999995,-0.046817000000000004,-0.043324,-0.028112,-0.068589,both
2019-04-25,-0.00036899999999999997,-0.005075,0.01321,0.012221,0.028158,0.031508,-0.0017170000000000002,0.005188,-0.000361,-0.01114,0.026206999999999998,-0.019259000000000002,both
2019-04-26,0.004685,0.00307,-0.002094,0.013354,-0.023081,-0.005899000000000001,0.0036810000000000002,-0.001191,0.014115,0.000234,-0.013600999999999999,0.010631,both
2019-04-29,0.001072,0.000417,0.0197,0.044871,0.019478,0.05160599999999999,0.005677000000000001,0.019059,0.088425,0.131632,0.093003,0.091508,both
2019-04-30,0.000951,0.001451,0.009713,-0.008311,-0.007873,-0.015444999999999999,-0.0038759999999999997,0.0031829999999999996,-0.018935,0.015156999999999999,-0.008389,0.006034,both
2019-05-01,-0.007502,-0.006121,0.018987999999999998,0.008111,0.074626,-0.004782,-0.000999,0.0357,-0.0063030000000000004,-0.006011,0.001621,-0.026477999999999998,both
2019-05-02,-0.002124,-0.004629,0.047773,0.035958,0.006684000000000001,0.016433,7.3e-05,0.042129,0.01865,0.084502,0.075218,0.105183,both
2019-05-03,0.009637999999999999,0.007494,0.010901000000000001,-0.023375,-0.036413,-0.011907,-0.000743,-0.015068000000000002,-0.042629,-0.005195,-0.015918,-0.033524,both
2019-05-06,-0.004471,-0.002508,0.01439,-0.016533000000000003,-0.060453,-0.008945,-0.001532,-0.00236,-0.041089999999999995,-0.0032310000000000004,-0.0038640000000000002,-0.057767,both
2019-05-07,-0.016512,-0.017905,0.026238,0.00677,-0.005344,0.00346,0.0033659999999999996,0.000394,0.008901000000000001,-0.001521,-0.000974,0.085939,both
2019-05-08,-0.001605,8.6e-05,0.032106,-0.003854,-0.092726,-0.014006000000000001,-0.00209,-0.014584,-0.04512,-0.007379000000000001,-0.005939,0.08167200000000001,both
2019-05-09,-0.0030210000000000002,-0.005352,0.033091,0.016756,0.040882999999999996,0.013078999999999999,0.0018219999999999998,0.0088,0.028156,0.01247,0.040302,0.049404,both
2019-05-10,0.00372,0.004414,0.129478,0.12222000000000001,0.074055,0.080416,-0.000343,0.09199,0.185139,0.238544,0.156228,0.010966,both
2019-05-13,-0.024131,-0.023798,0.022969,0.10313800000000001,-0.007753,0.256815,-0.005082,0.11320799999999999,0.156462,0.011656,0.040451999999999995,0.27274699999999996,both
2019-05-14,0.008015999999999999,0.008176000000000001,0.026362,0.138175,0.13834200000000002,0.114758,0.002775,0.078227,0.11177999999999999,0.035913,0.110501,0.027326999999999997,both
2019-05-15,0.0058390000000000004,0.004542,-0.039031,0.068204,-0.021161000000000003,-0.0796,-0.0037259999999999997,-0.042322000000000005,-0.061627999999999995,-0.010482,-0.060534000000000004,0.095262,both
2019-05-16,0.008895,0.008369,-0.068614,-0.076684,-0.024434,-0.079851,-0.002269,-0.065025,-0.055590999999999995,-0.084906,-0.06894700000000001,-0.041457,both
2019-05-17,-0.005837,-0.0038159999999999995,-0.009898,-0.037616000000000004,0.105683,-0.034845,-0.000133,0.014516999999999999,-0.049916,-0.019827,-0.025788,0.05229400000000001,both
2019-05-20,-0.006749,-0.003264,-0.0018780000000000001,0.013307,0.092201,-0.001005,0.001643,0.014797999999999999,-0.002723,0.011481,0.000154,0.050477,both
2019-05-21,0.008496,0.0076879999999999995,-0.035571,-0.041208,-0.018287,-0.05273099999999999,-0.004076,-0.047633999999999996,-0.078731,-0.059973,-0.036032,0.028772000000000002,both
2019-05-22,-0.0028239999999999997,-0.003892,0.026273,0.005177,0.002982,0.012126000000000001,0.003025,0.007486,0.035084,0.033966,0.010953000000000001,0.10241199999999999,both
2019-05-23,-0.011914,-0.011101,0.013387999999999999,0.014308000000000001,0.07379400000000001,0.008754000000000001,-0.001418,0.011483,0.002218,0.007911,0.120281,-0.005971,both
2019-05-24,0.001354,0.003735,0.008159,0.009118000000000001,0.035806,0.006499,0.000453,-0.001336,-0.004538,-0.005649,0.027719999999999998,-0.155313,both
2019-05-28,-0.008376,-0.009299,-0.006934999999999999,-0.008511,0.011493000000000001,-0.006351,0.001275,-0.006670999999999999,-0.020988,0.04397,0.001306,-0.07260599999999999,both
2019-05-29,-0.006912000000000001,-0.008733,-0.039264999999999994,-0.050460000000000005,-0.043068,-0.048045,0.000685,0.041893,-0.06995900000000001,-0.06496,-0.05461900000000001,-0.133614,both
2019-05-30,0.002098,0.00173,0.030655,0.047896,0.014156,0.038303,0.0014990000000000001,0.056169000000000004,0.058348000000000004,0.048152,0.052772,-0.003153,both
2019-05-31,-0.013194999999999998,-0.014098,-0.0012230000000000001,-0.010153,0.008107,-0.01822,0.00045599999999999997,-0.006393,0.012209000000000001,-0.023839,-0.016743,-0.0552,both
2019-06-03,-0.0027649999999999997,0.00019099999999999998,-0.061058,-0.044611000000000005,-0.064072,-0.058946000000000005,-0.004501,-0.048780000000000004,-0.07014,-0.063622,-0.050068,-0.030427999999999997,both
2019-06-04,0.021432,0.020645,0.015109000000000001,0.023669,0.05533,0.005154,0.010068,0.009204,0.011541,0.041088,0.017254,0.219494,both
2019-06-05,0.008162,0.008187,-0.00028199999999999997,0.009809,0.015281999999999999,0.041735,-0.0014039999999999999,0.005536999999999999,0.000407,-0.0036490000000000003,0.06988899999999999,0.039471,both
2019-06-06,0.006136,0.007091,0.028372,0.005836,0.003411,0.008556999999999999,0.0029690000000000003,0.007451,0.027974000000000002,0.011348,0.056407000000000006,0.051785000000000005,both
2019-06-07,0.010498,0.010236,-0.011167,-0.020692,0.015159,-0.025333,-0.0019100000000000002,-0.00836,-0.018577,-0.01792,0.010033,-0.021223,both
2019-06-10,0.00466,0.00303,-0.009077,-0.007023000000000001,0.006173,-0.015399000000000001,-0.000552,-0.010676,0.028385000000000004,-0.016908000000000003,0.05391,-0.044819,both
2019-06-11,-0.00035,-0.000544,0.027517000000000003,0.061524,0.075125,0.01902,-0.002135,0.002943,0.097311,0.021834,-0.002764,0.003913000000000001,both
2019-06-12,-0.002038,-0.0016769999999999999,0.010443000000000001,-0.018147,0.013168000000000001,-0.002173,-0.001026,0.002282,-0.07030299999999999,0.039258,-0.031713,0.617069,both
2019-06-13,0.004097,0.00392,0.05624,0.030912000000000002,-0.05881,0.012556999999999999,0.004248,0.016266,0.009806,0.022686,0.012953999999999999,-0.09273200000000001,both
2019-06-14,-0.0016120000000000002,-0.000657,0.016626,0.018675,-0.007573999999999999,0.011081,-0.000591,0.010563,0.011741,0.0036560000000000004,0.038133999999999994,0.026688999999999997,both
2019-06-17,0.000932,0.0008789999999999999,-0.025599,-0.033895,0.012431000000000001,-0.043115,-0.005009,-0.020376,-0.047126,-0.042949,0.00536,-0.07765,both
2019-06-18,0.009717,0.013519,0.021115000000000002,0.016525,0.027598,0.018789,0.002176,0.0016,0.009322,0.007175,0.010687,0.010945,both
2019-06-19,0.0029850000000000002,0.0014529999999999999,0.027351,0.0084,0.040776,-0.016011,-0.0018969999999999998,0.009904000000000001,-0.028829,-0.008043000000000002,-0.008223000000000001,-0.039648,both
2019-06-20,0.009472,0.009401000000000001,0.064804,0.08544600000000001,0.056903999999999996,0.031094,0.002571,0.019614,0.024913,0.06262000000000001,0.025125,-0.035502,both
2019-06-21,-0.001259,-0.0012720000000000001,0.054920000000000004,0.049066000000000005,-0.026179,0.071247,-0.006963,0.017375,0.05365,0.092655,0.02174,0.079678,both
2019-06-24,-0.001732,0.000315,0.07082100000000001,0.02481,-0.038077,-0.003954999999999999,0.0014939999999999999,0.007126,-0.013937999999999999,0.007476000000000001,0.007058,0.177053,both
2019-06-25,-0.009496,-0.0067090000000000006,0.10392,0.058552,-0.008609,-0.001662,-0.007519,-0.003833,0.004804999999999999,0.011994,-0.038276,0.032812,both
2019-06-26,-0.001234,-0.000429,-0.14085699999999998,-0.126162,-0.052516,-0.125568,-0.00613,-0.014797,-0.107116,-0.148895,-0.128445,0.002673,both
2019-06-27,0.0038229999999999996,-0.000386,0.109501,0.057629,0.021469,0.045409,0.015141,0.048362999999999996,0.032921,0.056927,0.050219,0.306147,both
2019-06-28,0.005757,0.0027660000000000002,-0.036105,0.028381,0.023455,0.004828,-0.002059,-0.024355,0.012620999999999999,0.013567,0.11246500000000001,0.250294,both
2019-07-01,0.007672,0.004416,0.02065,-0.006963,-0.027733999999999998,-0.016364,0.006855,-0.0105,-0.032748,-0.021021,-0.027247000000000004,0.014884,both
2019-07-02,0.002928,0.002592,0.107353,0.03945,0.020565,0.020809,0.002129,0.03402,0.023694,0.036094,0.027846,-0.030798000000000002,both
2019-07-03,0.007672,0.006693999999999999,-0.062354,-0.061288999999999996,0.006913,-0.048498,-0.0050609999999999995,-0.025355000000000003,-0.062941,-0.049499,-0.021109,-0.013663,both
2019-07-05,-0.0018059999999999999,-0.001627,0.020958,-0.001564,-0.00557,0.026628,-0.004252000000000001,-0.08275199999999999,0.010492,0.012364,-0.004469,-0.040107,both
2019-07-08,-0.004835,-0.004308,0.02343,-0.013952,-0.022768,-0.018341999999999997,-0.002395,-0.00281,-0.030854000000000003,-0.006104999999999999,-0.03125,-0.066794,both
2019-07-09,0.0012369999999999998,-0.0008449999999999999,-0.033188,-0.06112000000000001,-0.037614,-0.07710700000000001,-0.002433,-0.035220999999999995,-0.07761,-0.062092999999999995,-0.09153700000000001,0.001725,both
2019-07-10,0.004511,0.0028640000000000002,-0.06563200000000001,-0.073442,-0.058309,-0.091925,-0.0032689999999999998,-0.052862,-0.093703,-0.113669,-0.053972000000000006,-0.093377,both
2019-07-11,0.002285,0.008484,0.040262,0.028182,0.069238,0.041724000000000004,0.010197,0.029911,0.069863,0.024793,0.025873,0.122637,both
2019-07-12,0.00462,0.009006,-0.03585,-0.024678,-0.005913,-0.034694,-0.007929,-0.027246,-0.042779000000000005,-0.02682,-0.040601,-0.0010609999999999999,both
2019-07-15,0.000176,0.000993,-0.1301,-0.13311800000000001,-0.101025,-0.058939,-0.01226,-0.086352,-0.12572,-0.104958,-0.125634,-0.194555,both
2019-07-16,-0.003404,-0.00086,0.022807,0.061732,0.066389,0.046801,0.010384000000000001,0.07256599999999999,0.061227,0.034914,0.129696,0.08284,both
2019-07-17,-0.006531,-0.004236,0.10034,0.071311,0.062573,0.040445999999999996,0.00257,0.030032999999999997,0.063958,0.08075700000000001,0.125538,0.125808,both
2019-07-18,0.003582,0.00011499999999999999,-0.012727,-0.023096000000000002,0.005379,-0.007955,-0.005826,-0.019865,0.017269999999999997,-0.022406,-0.026539999999999998,-0.026218,both
2019-07-19,-0.006177,-0.002526,0.022449,0.035177,0.061689999999999995,0.039313,0.002058,0.019287000000000002,0.053038,0.052516999999999994,0.022431,0.013719,both
2019-07-22,0.002829,0.0006519999999999999,-0.042767,-0.022208000000000002,-0.034255,-0.037814,-0.002764,-0.039039,-0.061447,-0.038661,-0.05025,-0.022566,both
2019-07-23,0.006847,0.006525,-0.008973,0.020297,-0.014246,0.019427,0.00543,0.012153,0.057945,0.014292,0.040686,0.014511000000000001,both
2019-07-24,0.004688,-0.002897,0.010183,0.011848000000000001,-0.005529999999999999,-0.003599,7.900000000000001e-05,0.002058,-0.00647,0.000323,-0.009154,-0.008790000000000001,both
2019-07-25,-0.005261999999999999,-0.00473,-0.004190999999999999,5.3e-05,-0.000801,0.027699,0.0007480000000000001,0.0,0.071935,0.043214999999999996,0.009189,0.008099,both
2019-07-26,0.007388,0.0018960000000000001,-0.039779,-0.05564500000000001,-0.037736,-0.040188,-0.004954,-0.03355,-0.047914,-0.029735,-0.057430999999999996,-0.060361,both
2019-07-29,-0.001616,0.0010630000000000001,0.009274,-0.0035280000000000003,-0.009593,0.025147,0.002654,-0.008099,-0.007435,0.026012,0.0015539999999999998,-0.023906,both
2019-07-30,-0.002579,-0.000857,0.049774,0.038626,0.026064999999999998,0.007658,0.000572,0.029108999999999996,0.0034700000000000004,0.03369,0.087699,0.051552,both
2019-07-31,-0.010886,-0.012270999999999999,0.031137,-0.003868,0.04083,-0.009358,0.002309,0.020007,-0.021279,0.006702,0.006803,-0.007092,both
2019-08-01,-0.008999,-0.010454000000000001,0.011395,0.00029,-0.025537,-0.017338,-0.004294,-0.016233,-0.0248,-0.005886,-0.042735,0.100189,both
2019-08-02,-0.0072829999999999995,-0.0037020000000000004,0.028860000000000004,0.0212,-0.005301,0.013966,0.002525,0.001031,0.006114,0.018118000000000002,-0.003796,0.010703,both
2019-08-05,-0.029778,-0.02897,-0.027739999999999997,-0.034987,-0.013344,-0.037822,-0.011645,-0.04438,-0.058415999999999996,-0.038015,-0.03888,-0.009542,both
2019-08-06,0.013016999999999999,0.012123,0.040407,0.001639,0.062098,0.002065,0.003757,0.018983,-0.027413,0.018072,-0.023177,-0.027966,both
2019-08-07,0.000767,-0.0008619999999999999,0.002046,-0.024069999999999998,0.050367,-0.013809,-0.004497999999999999,-0.025948000000000002,0.001233,-0.017301,-0.009691,-0.042967,both
2019-08-08,0.018762,0.01427,-0.008647,-0.047311,-0.028261,-0.033537,0.001291,-0.008197,-0.083298,-0.051266,-0.062113999999999996,-0.048023,both
2019-08-09,-0.0066170000000000005,-0.00344,-0.042899,-0.017841,-0.009332,0.004634,0.000923,-0.02135,0.091098,-0.001993,0.011607,0.065812,both
2019-08-12,-0.012317,-0.014874,-0.042766000000000005,-0.012206,-0.023224,-0.012264,-0.001823,-0.019097,-0.007122,0.040736,-0.015663,0.013909,both
2019-08-13,0.015132,0.014808000000000002,-0.077472,-0.105895,-0.08011499999999999,-0.11224400000000001,-0.003351,-0.03646,-0.10580099999999999,-0.09364700000000001,-0.09882200000000001,-0.058817999999999995,both
2019-08-14,-0.029293,-0.03046,0.025851,0.010151,0.0346,0.005843999999999999,0.009565,-0.030125,0.011043,0.009888,0.004259000000000001,0.062346000000000006,both
2019-08-15,0.002464,0.003924,0.00609,-0.016244,-0.014224,-0.01099,-0.000338,0.01553,-0.014268000000000001,-0.013118000000000001,-0.019228,-0.037655,both
2019-08-16,0.014426,0.011987000000000001,-0.013744999999999999,0.001335,-0.005934,0.014315000000000001,-0.001507,-0.013055,0.011784999999999999,-0.010218999999999999,-0.028329000000000003,0.030793,both
2019-08-19,0.012106,0.009649,-0.013999999999999999,-0.032136,-0.022268,-0.026549,-0.0037049999999999995,-0.012156,-0.021929,-0.028748000000000003,-0.026748,-0.049773000000000005,both
2019-08-20,-0.007915,-0.006633,-0.058085000000000005,-0.049214,-0.041671,-0.034608,-0.0060799999999999995,-0.031849,-0.042321,-0.041926,-0.029677,-0.068957,both
2019-08-21,0.008246999999999999,0.009255,-0.0006900000000000001,0.023763999999999997,0.0035369999999999998,0.017588,0.008555,0.009346,0.048755,0.027527,0.008684,0.005986,both
2019-08-22,-0.0005059999999999999,0.001889,0.027333,0.01763,0.003003,0.020672,0.000924,0.004815,0.007691,0.017664,0.024513999999999998,0.010639000000000001,both
2019-08-23,-0.025945999999999997,-0.023744,-0.023828,-0.017547999999999998,-0.024838,-0.014435,-0.001265,-0.019167,0.007773,-0.028977999999999997,-0.025718,-0.030226999999999997,both
2019-08-26,0.010983,0.010532,-0.017869,-0.007478,-0.016062,-0.004321,-0.002207,-0.022022999999999997,0.002857,-0.009903,-0.013822999999999998,0.014605000000000002,both
2019-08-27,-0.003203,-0.0046689999999999995,-0.042323,-0.07266900000000001,-0.077314,-0.04513,-0.002221,-0.036641,-0.080539,-0.051449,-0.074286,-0.098138,both
2019-08-28,0.0065450000000000005,0.010015999999999999,-0.025037,-0.025149,-0.0765,-0.001573,0.005693999999999999,-0.029318,-0.024615,-0.039195,-0.049351,-0.06154199999999999,both
2019-08-29,0.012687,0.012527,0.00925,-0.0040219999999999995,0.015040999999999999,-0.0032170000000000002,-0.000503,0.013061000000000001,0.0028640000000000002,-0.003097,0.003665,0.012866999999999998,both
2019-08-30,0.000643,0.001556,0.003385,0.021529,-0.042889,0.011654000000000001,0.0016510000000000001,0.011684,0.0036810000000000002,0.00024700000000000004,0.003778,-0.00894,both
2019-09-03,-0.006899,-0.010804000000000001,-0.002734,-0.019535,-0.031901,-0.01229,-7.099999999999999e-05,0.036608999999999996,-0.026811,-0.018465000000000002,-0.026668999999999998,-0.037442,both
2019-09-04,0.010842000000000001,0.009091,-0.00179,-0.01009,0.044264,-0.013694,-0.0014320000000000001,-0.059108,-0.023727,-0.008156,-0.028089999999999997,0.0070799999999999995,both
2019-09-05,0.013009999999999999,0.014140999999999999,-0.021013999999999998,-0.024458,-0.02671,-0.015627000000000002,0.002353,-0.008692,-0.000495,-0.018587,-0.002559,-0.036926,both
2019-09-06,0.0009109999999999999,0.002593,0.015836000000000003,0.048874,0.017868000000000002,0.033077999999999996,0.0025050000000000003,0.002391,0.040144,0.047669,0.058418,0.026257,both
2019-09-09,-9.4e-05,0.0014199999999999998,-0.02119,-0.007520000000000001,-0.016881999999999998,-0.003433,-0.002676,-0.009752,-0.008971,-0.004228,0.008992,0.002914,both
2019-09-10,0.000322,0.002755,0.006168,-0.005905,-0.046178,-0.010496,0.002601,-0.015593000000000001,-0.032681,-0.014200999999999998,-0.012725,-0.037346,both
2019-09-11,0.0072299999999999994,0.008458,0.022769,0.012816,0.001098,-0.0044729999999999995,-9e-05,0.010838,0.010269,0.002022,-0.009969,-0.015672,both
2019-09-12,0.002879,0.001673,-0.004763,0.000517,-0.0016640000000000001,0.002904,-0.000941,0.000412,0.006622,-0.007203,-0.0034159999999999998,-0.0742,both
2019-09-13,-0.000724,0.001364,-0.000241,0.038627,0.008815,0.021976,0.00086,0.006183,0.016850999999999998,0.021577000000000002,0.022811,-0.010012,both
2019-09-16,-0.003136,-0.005243,-0.0034560000000000003,0.058320000000000004,0.02975,0.092205,0.0032549999999999996,0.062322,0.041151,0.038938,0.02271,0.030354000000000003,both
2019-09-17,0.002582,0.001255,-0.004201,0.013347,0.059512,0.100918,3e-06,0.042561,0.08741399999999999,0.016338,0.050496,0.110703,both
2019-09-18,0.000343,0.001338,0.006684000000000001,0.046775,-0.028794999999999998,-0.036124,-0.001891,-0.0036780000000000003,-0.014786,-0.003135,-0.011665,0.036495,both
2019-09-19,2e-05,-0.0019260000000000002,-0.008256999999999999,-0.0146,-0.011248000000000001,-0.026356,-0.002032,-0.013658000000000002,-0.003124,-0.025749,-0.024793,-0.025651999999999998,both
2019-09-20,-0.004896,-0.005895,-0.015903999999999998,-0.01162,-0.013536000000000001,-0.017071,0.001402,-0.032186,-0.007986,-0.009165000000000001,-0.021724,0.033733,both
2019-09-23,-9.7e-05,0.000554,-0.11395999999999999,-0.167444,-0.175402,-0.12449600000000001,0.004598,-0.103781,-0.187857,-0.24129299999999998,-0.164965,-0.039582,both
2019-09-24,-0.008416,-0.0052770000000000004,-0.015494999999999998,0.016548,0.011868,0.047678,-0.00040599999999999995,-0.013914,0.048519,0.031763,0.03286,0.014044999999999998,both
2019-09-25,0.006159,0.006078,-0.043363,-0.024375,-0.049117,-0.010782,-0.002302,-0.019117,-0.029622000000000002,-0.057592,-0.036723,-0.057501,both
2019-09-26,-0.0024289999999999997,-0.002951,0.016366,0.047886,0.021375,0.0009720000000000001,0.005887,0.030626,0.034083999999999996,0.029407,0.014768,0.006742000000000001,both
2019-09-27,-0.0053159999999999995,-0.002635,-0.000719,-0.00079,0.0038729999999999997,-0.005942,-0.005658,0.005853,-0.017834,0.028199000000000002,-0.01204,0.010303,both
2019-09-30,0.0050479999999999995,0.0036009999999999996,0.005957,-0.014075,0.002555,-0.024881,0.002278,0.00041900000000000005,-0.009720999999999999,-0.014733000000000001,2.1e-05,0.042983,both
2019-10-01,-0.012258,-0.012772,0.005965,0.019003,0.002945,0.015924,-0.002137,-0.015493999999999999,0.024359,0.005035,0.008043000000000002,0.09642300000000001,both
2019-10-02,-0.017903,-0.018606,-0.015852,-0.030497000000000003,-0.013999000000000001,-0.022399000000000002,0.0007,-0.011059000000000001,-0.027481000000000002,-0.014672999999999999,0.00067,-0.03254,both
2019-10-03,0.007972,0.004693999999999999,-0.0065439999999999995,0.010192,0.0018030000000000001,0.02451,0.0038740000000000003,0.015054,0.034045,0.003018,0.005418,0.014238999999999998,both
2019-10-04,0.014216999999999999,0.014224,-0.006634,-0.0035789999999999997,-0.002001,-0.001882,-0.006848000000000001,-0.016102,0.001588,-0.000383,-0.000164,-0.006476000000000001,both
2019-10-07,-0.004478,-0.0036009999999999996,-0.002042,0.00461,-0.001621,0.010062,-0.002384,-0.01841,-0.005543,-0.008022,-0.006744,0.07338099999999999,both
2019-10-08,-0.015561000000000002,-0.011858,0.044594,0.061925,0.10543599999999999,0.011377,-0.000399,0.017903,0.028667,0.030499000000000002,0.035406,0.087561,both
2019-10-09,0.009104000000000001,0.006954999999999999,-0.001078,-0.008451,-0.013221,-0.033924,-0.002468,-0.023451,-0.022708000000000002,-0.038998000000000005,-0.027844,-0.060048000000000004,both
2019-10-10,0.006416,0.005719,-0.03083,-0.047428,-0.049036,-0.00358,0.009086,0.005575,-0.024915,-0.032647,-0.025601,0.051935,both
2019-10-11,0.010939,0.012074,0.001778,-0.009547,0.034015,0.007717,-0.007781000000000001,-0.002132,-0.001994,0.011267000000000001,-0.005579,-0.059601999999999995,both
2019-10-14,-0.001387,-0.00109,-0.020218,-0.029711,0.004614,-0.026376,-0.000144,-0.013752,-0.04841,-0.025204,-0.03565,-0.057045000000000005,both
2019-10-15,0.009956,0.008864,-0.019236000000000003,-0.029726,-0.037995,-0.01407,0.002069,0.038645,-0.025776,-0.020755000000000003,-0.036785000000000005,-0.00148,both
2019-10-16,-0.002,-0.0008439999999999999,0.007006,0.011447,0.040931,0.062096000000000005,-0.0019079999999999998,0.05677000000000001,0.020211,0.014808000000000002,0.037061000000000004,0.013743,both
2019-10-17,0.002763,0.0008849999999999999,-0.016128,-0.024755000000000003,-0.017021,-0.02418,-0.001462,-0.017786,-0.036712,-0.039675,-0.025377,-0.027038999999999997,both
2019-10-18,-0.003919,-0.009461,0.0019260000000000002,-0.004079999999999999,0.001882,-0.006722,0.004101,0.013673,0.030257999999999997,0.0062640000000000005,0.010149,0.000377,both
2019-10-21,0.006872,0.002146,-0.020078,-0.014979,-0.006006,-0.004683,0.00031099999999999997,-0.07534199999999999,-0.011812999999999999,-0.022344,-0.021731999999999998,-0.010067,both
2019-10-22,-0.0035689999999999997,-0.001474,-0.069759,-0.057446000000000004,-0.081582,-0.059889,-0.002032,-0.02729,-0.06201,-0.07747799999999999,-0.076592,0.002668,both
2019-10-23,0.0028469999999999997,0.0017120000000000002,-0.0028190000000000003,-0.001442,0.010795,0.01586,0.004967,0.017235,0.035046,0.017452000000000002,0.00886,0.053257000000000006,both
2019-10-24,0.0019199999999999998,-0.001059,0.155763,0.119349,0.102091,0.070645,-0.005217,0.057526,0.09449400000000001,0.21078899999999998,0.137241,0.031421,both
2019-10-25,0.004072999999999999,0.00569,0.067462,-0.009298,0.014699,-0.014978,-0.000576,-0.0231,-0.016947,-0.025697,-0.002876,-0.030335,both
2019-10-28,0.005581,0.004921,-0.030944,-0.008572,0.021332,-0.0070209999999999995,-0.001381,-0.003014,0.000661,0.015921,-0.029829,-0.0013039999999999998,both
2019-10-29,-0.0008320000000000001,-0.000711,0.018532,0.042043000000000004,0.036379,0.020097,-0.000718,0.003401,0.025518,0.08871799999999999,0.029981999999999998,-0.000722,both
2019-10-30,0.0032530000000000002,0.004256,-0.023544,-0.029685000000000003,-0.019053,-0.017887,0.00371,-0.014688999999999999,-0.033998,0.005782,-0.024197,-0.017166,both
2019-10-31,-0.003023,-0.005166,-0.000667,-0.003927,-0.0043170000000000005,-0.000664,0.000563,-0.00038199999999999996,-0.007887,-0.021166,0.006157,0.043335000000000005,both
2019-11-01,0.009662,0.011134,0.006687,1.6e-05,0.0010630000000000001,-0.012539,-0.002303,0.005736,0.017028,-0.018769,-0.0033520000000000004,-0.006541,both
2019-11-04,0.003704,0.004196,0.019193,0.021544,0.026326,0.029788,-0.000103,-0.008722,0.031147,-0.0029519999999999998,0.050283,0.0055969999999999995,both
2019-11-05,-0.001186,0.001111,-0.0074459999999999995,0.015824,-0.000642,0.0043939999999999995,0.000398,0.003825,0.025256999999999998,0.006374,0.028092000000000002,-0.0015220000000000001,both
2019-11-06,0.0007019999999999999,-3e-06,0.001964,0.012095,0.004499,0.029314,-0.001702,0.001524,0.014166999999999999,0.042634,0.01526,0.021454,both
2019-11-07,0.0027300000000000002,0.006629,-0.009969,-0.01888,-0.008213,-0.056936,0.002691,0.036910000000000005,-0.029339999999999998,-0.041553,-0.037739999999999996,-0.018054,both
2019-11-08,0.002561,0.000233,-0.049925,-0.020028999999999998,-0.046310000000000004,-0.052929,-0.0032159999999999997,-0.026422,-0.030708,-0.052897,-0.021236,0.009625,both
2019-11-11,-0.001962,0.00037,-0.032879000000000005,-0.021044999999999998,-0.017021,-0.018265,-0.00025499999999999996,-0.021622,-0.01738,-0.021524,-0.030425,-0.011615,both
2019-11-12,0.001565,0.0,0.006608,0.007298000000000001,0.035976,-0.009699,-0.001037,0.0036829999999999996,0.013266,0.007253,-0.009028,0.024537,both
2019-11-13,0.000712,0.003326,-0.000839,0.007575,0.018841,0.002269,0.001775,-0.009908,-0.0062829999999999995,-0.009501,-0.003732,0.071147,both
2019-11-14,0.000837,-5.9e-05,-0.011372,-0.012,0.000671,-0.009687000000000001,0.0023989999999999997,-0.006672,-0.008576,-0.024202,-0.027514999999999998,0.014825,both
2019-11-15,0.0076950000000000005,0.008024,-0.024816,-0.029454,-0.044603,-0.032312,-0.00419,-0.008582,0.019829,-0.05311799999999999,-0.027228,-0.009103,both
2019-11-18,0.000503,0.001119,-0.031323000000000004,-0.024631,-0.046589,-0.036192,0.003507,-0.02719,-0.035644,-0.06905900000000001,-0.046536,-0.035908999999999996,both
2019-11-19,-0.000593,-0.0036450000000000002,-0.012412999999999999,-0.017190999999999998,-0.031763,0.0033130000000000004,-0.0030039999999999997,-0.01087,-0.028766000000000003,-0.023094999999999997,-0.020721,-0.024779,both
2019-11-20,-0.0037560000000000002,-0.004043,-0.021797999999999998,-0.009902,-0.028392,-0.020023,-0.0034969999999999997,0.00314,-0.032062,-0.000677,-0.005988,-0.017523,both
2019-11-21,-0.001583,-0.00197,-0.047901,-0.081023,-0.07330199999999999,-0.030226999999999997,-0.005002,-0.050861,-0.067317,-0.07223099999999999,-0.079721,-0.058561,both
2019-11-22,0.002175,0.0039380000000000005,-0.045294,-0.069332,-0.07473300000000001,-0.049908,0.002633,-0.026381,-0.032755,-0.077986,-0.064216,-0.077579,both
2019-11-25,0.007506999999999999,0.006847,0.013936000000000002,0.025497,-0.000746,-0.020441,-0.014157,-0.033404,0.012925999999999998,0.019919,0.024503,0.008545,both
2019-11-26,0.002196,0.001967,0.010109,0.016988999999999997,0.017023,0.016115,0.006638,0.002187,0.026215,0.017678,0.031486,0.000599,both
2019-11-27,0.004174000000000001,0.001505,0.043401999999999996,0.027157,0.036775999999999996,0.013217,-0.0047,0.020952000000000002,0.055577999999999995,0.035129,0.015558,-0.020761,both
2019-11-29,-0.004011,-0.003998,0.039948000000000004,0.02364,0.037626,0.025146,0.000439,0.061825,0.056978999999999995,0.027752,0.038723,0.031117000000000002,both
2019-12-02,-0.008631,-0.009567,-0.01378,-0.014066,-0.019648,-0.025527,-0.000798,-0.024869,-0.038674,-0.002369,-0.0397,-0.033296,both
2019-12-03,-0.006638,-0.010086,-0.000252,-0.007398,0.0077469999999999995,0.0013160000000000001,0.001452,-0.008054,-0.003653,-0.012977,-0.009503,0.016711,both
2019-12-04,0.006324000000000001,0.005344,-0.009304999999999999,-0.008169,-0.0019320000000000001,-0.016019,0.004789,-0.004059,-0.013503,-0.016744,-0.004157,-0.038185000000000004,both
2019-12-05,0.0015,0.001013,0.027065,0.017044999999999998,0.031601,0.030414,0.002116,0.006793,0.012458,0.019084999999999998,0.002405,-0.011151000000000001,both
2019-12-06,0.009136,0.012186,0.01325,-0.000365,-0.0032700000000000003,0.011559999999999999,-0.0065780000000000005,0.00135,0.011777,-0.00033999999999999997,0.008134,0.032893,both
2019-12-09,-0.003163,-0.003764,-0.021606999999999998,-0.020094,-0.014417,-0.021624,-0.0021100000000000003,-0.013405000000000002,-0.037614,-0.021015,-0.02206,0.015553999999999998,both
2019-12-10,-0.001097,-0.000999,-0.01659,-0.013211,-0.031697,-0.005101,0.0015949999999999998,-0.001812,-0.023397,-0.007397,-0.006564,0.085903,both
2019-12-11,0.002908,0.0010609999999999999,-0.008339,-0.018179,-0.008979000000000001,-0.010027,0.006033,-0.008621,0.0013390000000000001,-0.005370000000000001,-0.015647,-0.040785,both
2019-12-12,0.008575,0.007909000000000001,0.0035619999999999996,0.013899000000000002,-0.00043099999999999996,-0.009881000000000001,-0.006014,0.001373,0.001855,0.0025629999999999997,0.003105,-0.027077999999999998,both
2019-12-13,7.3e-05,0.000118,0.0036659999999999996,-0.004528,0.0040880000000000005,0.004075,-0.004062,-0.005940999999999999,0.010484,0.016262000000000002,0.008357,-0.019707,both
2019-12-16,0.007148000000000001,0.003572,-0.030733999999999997,-0.066387,-0.064295,-0.052039999999999996,-0.000627,-0.015319999999999999,-0.065042,-0.049280000000000004,-0.077304,-0.050438,both
2019-12-17,0.000335,0.0011070000000000001,-0.042116,-0.082403,-0.086427,-0.11352899999999999,-0.010605,-0.048562,-0.072048,-0.100119,-0.08150800000000001,-0.11366199999999999,both
2019-12-18,-0.00043200000000000004,-0.000986,0.095819,0.085546,0.092704,0.06792100000000001,0.012875,0.081764,0.08371100000000001,0.06948,0.099643,0.070811,both
2019-12-19,0.004459,0.004876,-0.010164,-0.028333999999999998,-0.006611,-0.027306999999999998,0.002426,-0.027485000000000002,-0.03514,-0.011076,-0.021047,-0.032024000000000004,both
2019-12-20,0.004945000000000001,0.0027530000000000002,0.0022170000000000002,-0.001972,0.009297,0.023566999999999998,-0.002704,-0.022609999999999998,0.022646,0.0028710000000000003,0.009265,0.056545000000000005,both
2019-12-23,0.000866,0.003389,-0.020763,-0.028393,-0.033742,-0.030638,0.008217,-0.019858,-0.036732,-0.031231000000000002,-0.026633999999999998,-0.030264999999999997,both
2019-12-24,-0.000195,-0.0012640000000000001,-0.004499,0.0034969999999999997,0.00565,0.006573000000000001,-0.0035060000000000004,0.0,0.028976,-0.005365,-0.004149,-0.007315,both
2019-12-26,0.005128,0.003715,-0.004974,-0.000739,0.002565,-0.001704,-0.00067,-0.014368,0.016396,0.0073939999999999995,-0.008947,0.031606,both
2019-12-27,3.4e-05,0.000834,0.007062000000000001,0.0067540000000000005,0.011665,0.0037189999999999996,0.001808,-0.00243,-0.034451,0.078309,0.022653,0.013269999999999999,both
2019-12-30,-0.0057810000000000005,-0.006393,-0.017468,-0.015765,-0.014318,-0.013078,0.001957,-0.00677,-0.020125999999999998,-0.016675,-0.021143000000000002,-0.033342000000000004,both
2019-12-31,0.0029460000000000003,0.002681,-0.013628999999999999,-0.022789,-0.015759,-0.008124,-0.006456,-0.012657999999999999,-0.022296,-0.022834,-0.032921,-0.037794,both
2020-01-02,0.008379000000000001,0.011576000000000001,-0.029819,-0.025931,-0.048365,-0.024,0.0017289999999999999,-0.011805,-0.021131,-0.042559,-0.052233,-0.036253,both
2020-01-03,-0.0070599999999999994,-0.008103,0.051452,0.053069000000000005,0.048625,0.029131999999999998,0.002623,0.067695,0.043632,0.136508,0.065102,0.039379000000000004,both
2020-01-06,0.0035329999999999997,0.002392,0.048291,0.05890499999999999,0.060009,0.132829,-0.003274,0.018189,0.07347100000000001,0.091303,0.051963,0.071734,both
2020-01-07,-0.002803,-0.00417,0.050774,-0.005268,0.003439,-0.034277999999999996,-0.0011769999999999999,-0.01218,-0.006037,-0.0053100000000000005,0.013275,0.091167,both
2020-01-08,0.004902,0.005647,-0.010269,-0.015924,-0.027070999999999998,-0.022864,0.002526,-0.057541999999999996,-0.01652,-0.009056999999999999,-0.016604,0.032878,both
2020-01-09,0.0066549999999999995,0.007369,-0.024850999999999998,-0.016133,-0.007164,-0.019744,0.00231,-0.016136,-0.0020859999999999997,-0.007601999999999999,-0.009590000000000001,0.001119,both
2020-01-10,-0.002855,-0.004598,0.036487,0.035866,0.036384,0.036149,-0.005078,0.044326,0.014163999999999998,0.131688,0.077658,0.017342,both
2020-01-13,0.006976,0.002889,-0.005896,-0.011293000000000001,-0.006188,-0.013987000000000001,0.000867,-0.00966,-0.019209,-0.002663,-0.026369,-0.02349,both
2020-01-14,-0.001515,0.0011279999999999999,0.08393300000000001,0.15065699999999999,0.091865,0.10380199999999999,-0.001521,0.047498,0.12698199999999998,0.309285,0.175826,0.09007000000000001,both
2020-01-15,0.00187,0.003129,-0.0023510000000000002,0.0016589999999999999,0.061872,-0.0076359999999999996,-0.0021609999999999997,-0.040891000000000004,0.021435,-0.031029,-0.007273999999999999,0.006297,both
2020-01-16,0.008367,0.009212,-0.00945,-0.011067,-0.032731,-0.018553,-0.000425,-0.010131,-0.027306999999999998,-0.039532,-0.007486,0.033056999999999996,both
2020-01-17,0.0038619999999999995,0.0017219999999999998,0.023528,0.038863999999999996,0.061970000000000004,0.044633,0.0036509999999999997,0.061834,0.086661,0.125771,0.067147,0.096451,both
2020-01-21,-0.002652,-0.005181,0.010194,0.015418000000000001,0.046313,0.016588,0.00073,0.000842,0.04823,-0.001121,0.007773,-0.008805,both
2020-01-22,0.00028900000000000003,-0.000335,-0.0074340000000000005,-0.008268000000000001,-0.018165999999999998,-0.00468,-0.000822,-0.022306,-0.0072840000000000005,0.011093,0.012261,-0.010461,both
2020-01-23,0.001141,-0.000897,-0.031605,-0.031882,-0.043653,-0.042158999999999995,-0.0021850000000000003,-0.023676,-0.050817,-0.06440499999999999,-0.063825,-0.069351,both
2020-01-24,-0.009042,-0.005842,0.00463,0.000753,0.0015279999999999998,-0.013547,0.004568,0.003527,0.038538,-0.016459,-0.0018030000000000001,0.017172999999999997,both
2020-01-27,-0.015731000000000002,-0.015658000000000002,0.036407999999999996,0.016978999999999998,0.014491,0.0023239999999999997,0.001395,0.027332,0.07471799999999999,0.045105,0.045373000000000004,0.014804,both
2020-01-28,0.010054,0.006555,0.050368,0.031822,0.023955,0.031424,-0.0011380000000000001,0.034628,0.10321,0.044698,0.032479,0.017506999999999998,both
2020-01-29,-0.000867,0.000404,-0.004484,-0.007484,-0.011170999999999999,-0.011565,0.001535,-0.02449,0.01243,0.007033,-0.009788,0.048951999999999996,both
2020-01-30,0.003134,0.00435,0.020647,0.055071,0.037829,0.033564,-0.000842,0.020919999999999998,0.047763,0.030008,0.134511,0.045834,both
2020-01-31,-0.017706,-0.020909,-0.016665,-0.024529,-0.02041,-0.018096,-0.0008029999999999999,-0.018852,-0.04061,-0.044743,-0.004102000000000001,-0.030619999999999998,both
2020-02-03,0.007254999999999999,0.005089,-0.005441,0.006614,0.00079,0.015526,-0.0016300000000000002,-0.011345000000000001,0.021715,0.014819,-0.006426,-0.020449000000000002,both
2020-02-04,0.014980000000000002,0.01436,-0.012112000000000001,-0.0032359999999999997,-0.015458000000000001,0.047839,0.0028350000000000003,0.02582,-0.017252,-0.008541,-0.022706,-0.012087,both
2020-02-05,0.011251,0.016774,0.047104,0.079152,0.057087,0.039954,0.001091,0.031562,0.057772000000000004,0.16134600000000002,0.063015,0.038126,both
2020-02-06,0.003326,0.003036,0.012106,0.039704,0.07182999999999999,0.017105000000000002,-0.005606,0.027498,0.008881,0.00176,0.012354,0.013724,both
2020-02-07,-0.0054009999999999996,-0.009437000000000001,0.006798,0.048917,0.07123,-0.010381999999999999,0.000537,0.043724,0.000552,-0.006848999999999999,0.013182,0.146931,both
2020-02-10,0.007326000000000001,0.00599,-0.025706,-0.022119,0.037425,-0.029657999999999997,-0.0008320000000000001,-0.076114,-0.022893,0.006834000000000001,-0.035768,-0.018931,both
2020-02-11,0.0016879999999999998,-1.6e-05,0.035674000000000004,0.055154999999999996,0.016618,0.022113999999999998,-0.002216,0.018419,0.046925,0.018483000000000003,0.030433999999999996,0.165346,both
2020-02-12,0.006462999999999999,0.009396,0.011541,0.12531199999999998,0.03235,0.08657100000000001,0.004142,0.0171,0.081372,0.030833999999999997,0.061360000000000005,0.012466,both
2020-02-13,-0.0016300000000000002,-0.004335,-0.010815,0.010147,-0.038791,0.073303,-0.0039700000000000004,-0.021662,0.003042,-0.002445,-0.010997,-0.037436000000000004,both
2020-02-14,0.0018440000000000002,-0.000857,0.009569,0.06012000000000001,0.033681,0.024842,0.001537,0.034369,0.029148,0.035509,0.032174,0.13935899999999998,both
2020-02-18,-0.00292,-0.005643,0.04663,0.058496000000000006,0.021519,0.039575,0.002288,0.046829,0.042554,0.023280000000000002,0.051655999999999994,0.057433000000000005,both
2020-02-19,0.004706,0.003963,-0.050149,-0.07867,-0.071687,-0.068178,0.0005650000000000001,-0.07573099999999999,-0.079109,-0.087508,-0.076579,-0.031355,both
2020-02-20,-0.0038159999999999995,-0.0043630000000000006,-0.0025859999999999998,-0.006984999999999999,-0.004673,-0.018753,0.001268,0.013338,0.010669,-0.025477,-0.021242,-0.029526999999999998,both
2020-02-21,-0.010518000000000001,-0.007788,0.008114,0.029661,-0.0019920000000000003,0.009332,0.000543,-0.004137,0.006522,0.018566,0.054952999999999995,0.004843999999999999,both
2020-02-24,-0.033513999999999995,-0.035582,-0.027643,-0.031188,-0.034375,-0.042743,0.000785,-0.033582,-0.041457,-0.059897000000000006,-0.050304,-0.077721,both
2020-02-25,-0.03028,-0.031452999999999995,-0.031965,-0.065602,-0.077193,-0.063611,0.002657,-0.044015,-0.04403,-0.06250700000000001,-0.05766,-0.102351,both
2020-02-26,-0.003779,-0.00457,-0.05579099999999999,-0.08932899999999999,-0.07586799999999999,-0.089029,0.001286,-0.05533099999999999,-0.12261400000000001,-0.105468,-0.14282,0.024941,both
2020-02-27,-0.044163,-0.044179,-0.004085,0.004755,0.017205,0.027139,-0.0043170000000000005,-0.006412999999999999,0.004691,0.020975,0.00809,0.096611,both
2020-02-28,-0.008237999999999999,-0.013866,-0.012754000000000001,3.1e-05,-0.014001,-0.0034579999999999997,-0.001326,-0.015059999999999999,-0.021516,-0.029875,-0.028352999999999996,0.054023,both
2020-03-02,0.046039,0.050925,0.035879,0.052971000000000004,0.044867000000000004,0.043265,-0.005495,0.032527,0.06577100000000001,0.074975,0.05243300000000001,0.08647300000000001,both
2020-03-03,-0.028107999999999998,-0.029431,-0.009231999999999999,-0.026413,-0.008927,-0.018287,0.007534999999999999,0.06385700000000001,-0.003922,-0.022432,0.002442,0.08745499999999999,both
2020-03-04,0.042203,0.045276,-0.003703,0.000171,0.016397,0.0006360000000000001,-0.00187,-0.040416,0.004984000000000001,-0.030337,-0.012463,0.013359999999999999,both
2020-03-05,-0.033922,-0.035789999999999995,0.036951,0.021157,0.042227999999999995,0.021541,0.0018989999999999999,0.045037,0.041895,0.056366,0.027542,0.016444999999999998,both
2020-03-06,-0.017054,-0.00982,0.004823,0.062185000000000004,0.02338,0.018808000000000002,-0.004082,-0.00399,0.007658,0.034541,0.015797,-0.009056,both
2020-03-09,-0.07597000000000001,-0.07785700000000001,-0.022751,0.006464,-0.023761,0.011005,-0.010623,0.012346,-0.041787,-0.010835,-0.030166000000000002,-0.006298,both
2020-03-10,0.049395999999999995,0.048935,-0.001756,-0.006035,0.018401,0.0146,0.002676,-0.0031620000000000003,0.00031299999999999996,-0.005461,0.001759,0.0051719999999999995,both
2020-03-11,-0.048868,-0.058554999999999996,0.000215,-0.029381,-0.020789,-0.019502000000000002,-0.0029100000000000003,-0.010421,-0.044487,-0.017886000000000003,-0.035669,-0.065464,both
2020-03-12,-0.095113,-0.099884,-0.371695,-0.423472,-0.41904600000000003,-0.328988,0.054845000000000005,-0.296245,-0.39567199999999997,-0.42956000000000005,-0.361773,-0.45913000000000004,both
2020-03-13,0.09287100000000001,0.09362899999999999,0.119281,0.185627,0.128424,0.141204,-0.051212,0.130774,0.186804,0.159433,0.210375,0.17258800000000002,both
2020-03-16,-0.119841,-0.12926500000000002,-0.070069,-0.116667,-0.10061,-0.083423,-0.004973,-0.05816,-0.11058299999999999,-0.042480000000000004,-0.097727,-0.156141,both
2020-03-17,0.059954999999999994,0.051953,0.042108,0.030169,0.073633,0.024534999999999998,-0.020922,0.0,0.046515,0.056166999999999995,0.020916,0.035355000000000004,both
2020-03-18,-0.051830999999999995,-0.063024,0.002451,0.007894,0.004164,-0.009853,-0.001943,-0.013231999999999999,0.003684,-0.006843000000000001,0.0035840000000000004,0.024362,both
2020-03-19,0.0047079999999999995,0.009461,0.18187799999999998,0.189404,0.21350700000000003,0.153298,0.029710000000000004,0.132184,0.20188699999999998,0.2355,0.160004,0.190161,both
2020-03-20,-0.04336,-0.045462,0.001225,-0.028235000000000003,-0.032882,-0.049498,-0.005619,0.0,-0.035565,-0.030929,-0.024103,0.000549,both
2020-03-23,-0.029294,-0.030356,0.10052,0.093986,0.085989,0.047965,-0.002222,0.04275,0.073572,0.076879,0.08806900000000001,0.125161,both
2020-03-24,0.093828,0.11365,0.049637,0.028536000000000002,0.023396,0.030721,0.0036729999999999996,0.025485,0.037170999999999996,0.03609,0.044495,0.031327,both
2020-03-25,0.011535,0.023938,-0.00798,-0.018489,-0.006203,-0.003833,-0.0018780000000000001,-0.009184000000000001,-0.024036000000000002,-0.029949,-0.03308,-0.020894,both
2020-03-26,0.062414,0.06375399999999999,0.005295,0.015901,0.072484,0.082817,-0.00011100000000000001,0.0043619999999999996,0.043787,0.028955,0.025781000000000002,0.015694,both
2020-03-27,-0.033687,-0.04059,-0.036722000000000005,-0.031971,-0.052532,0.006719,0.014856999999999999,-0.019001,-0.046409,-0.040736,-0.030929,-0.05235700000000001,both
2020-03-30,0.033516000000000004,0.031923,0.001369,0.005184,0.02399,0.013893,-0.0034840000000000006,-0.010923,0.022763,-0.008624,0.004109000000000001,0.054346000000000005,both
2020-03-31,-0.016013,-0.018377,0.026113,0.015278,0.012717000000000001,0.004354,0.001714,0.030922,0.009884,0.020003999999999997,0.002079,0.0034869999999999996,both
2020-04-01,-0.044142,-0.044424,0.028281,0.047146,0.025509999999999998,0.018919,-0.0040100000000000005,0.008034,0.036591000000000005,0.038531,0.012528000000000001,0.010292,both
2020-04-02,0.022829,0.022438,-0.008867,0.00043799999999999997,0.023447,0.004629,0.0009939999999999999,-0.015409,0.009724,0.013585,0.012162000000000001,0.001459,both
2020-04-03,-0.015137000000000001,-0.016854,0.019922,0.022015,0.033763999999999995,0.012620999999999999,0.002397,0.014571,0.006503,0.012747,0.00784,0.009174,both
2020-04-06,0.07033099999999999,0.077305,-0.013115,-0.02385,-0.026713999999999998,-0.017457,0.005838,0.008586,-0.013449000000000001,-0.015091,0.006236,0.08139199999999999,both
2020-04-07,-0.001603,-0.001152,0.021973,0.045668,0.025509999999999998,0.045686000000000004,0.000496,0.007511,0.033497000000000006,0.056267,0.036982,0.154915,both
2020-04-08,0.034056,0.034418000000000004,-0.004364,-0.010627,0.000434,-0.013003,0.004345,0.0044729999999999995,-0.0031940000000000002,-0.032895999999999995,0.0014060000000000001,0.058188,both
2020-04-09,0.014487,0.012195999999999999,-0.059791,-0.072565,-0.08795800000000001,-0.054439,-0.002663,-0.026225,-0.08240800000000001,-0.09472799999999999,-0.08871799999999999,-0.031488,both
2020-04-13,-0.010105,-0.013854,-0.000381,0.008426000000000001,0.032635000000000004,-0.012768,-0.00352,0.002552,-0.004017,-0.008405,-0.003653,-0.039442000000000005,both
2020-04-14,0.030573000000000003,0.023898,-0.029276,-0.027344999999999998,-0.059976999999999996,-0.021933,0.002732,-0.01222,-0.033693,-0.029119,-0.035679,-0.033326999999999996,both
2020-04-15,-0.02203,-0.018598,0.071467,0.123106,0.075977,0.048734,0.003192,0.045361,0.079873,0.093203,0.078303,0.108543,both
2020-04-17,0.026794,0.029944,0.019793,0.085716,0.05670599999999999,0.02536,-0.0019370000000000001,0.016272,0.06234,0.031776,0.039211,0.090759,both
2020-04-20,-0.017881,-0.024422,-0.00023799999999999998,0.0025570000000000002,0.007979,0.004567,0.001644,-0.00555,0.015303,0.0008089999999999999,0.005187,0.0051909999999999994,both
2020-04-21,-0.030675,-0.026704000000000002,0.034429,0.057092,0.032053,0.019758,-0.005509,0.020294,0.053574000000000004,0.052097000000000004,0.020645,0.058262,both
2020-04-22,0.022930000000000002,0.019851,0.043910000000000005,0.013303,0.019948,0.019902,-0.0032159999999999997,0.017902,0.11067,0.014128,0.025062,0.012556999999999999,both
2020-04-23,-0.000539,0.00168,0.016309999999999998,0.022744,0.000638,0.010192,0.010264,0.027357,0.031105,0.01341,0.043627,0.021419,both
2020-04-24,0.013918,0.011056999999999999,0.0025210000000000002,0.033177,0.018044,0.0071719999999999996,-0.0032259999999999997,0.018545,0.012898,-0.000212,-0.002132,-0.000449,both
2020-04-27,0.014713999999999998,0.015078999999999999,0.00147,0.006037,-0.00115,0.088424,0.0037159999999999997,-0.006794,0.012745999999999999,0.0017649999999999999,0.029493000000000002,0.009178,both
2020-04-28,-0.005242,-0.001335,0.12731800000000001,0.09350499999999999,0.063821,0.055447,0.000299,0.076101,0.095349,0.056591999999999996,0.068492,0.062782,both
2020-04-29,0.026583999999999997,0.022086,-0.016189,-0.043168,-0.026284,-0.06450700000000001,-0.002987,-0.0294,-0.074456,-0.029708,-0.050167,-0.047514,both
2020-04-30,-0.009212,-0.011696999999999999,0.023816,0.031874,0.031174,0.030489999999999996,0.00301,0.020876,0.071354,0.029560000000000003,0.02307,0.016855000000000002,both
2020-05-01,-0.028058999999999997,-0.02555,0.013969,0.005164,0.001134,0.021282,-0.004621,0.022053,-0.004799,0.018469,0.034867,0.010308,both
2020-05-04,0.00425,0.001099,0.010145,-0.006723000000000001,-0.010583,-0.011417,-0.005221,0.001209,-0.006161,-0.003575,-0.014455,-0.021287,both
2020-05-05,0.009041,0.005614,0.029511000000000003,-0.013147999999999998,-0.015528,-0.005788000000000001,0.01706,0.018116,0.008286,0.0050030000000000005,-0.018047,-0.013894,both
2020-05-06,-0.006979000000000001,-0.009147,0.073662,0.04035,0.021381999999999998,0.017225,-0.014771000000000001,0.053381,0.026905000000000002,0.027847000000000004,0.030195,0.032327999999999996,both
2020-05-07,0.011505,0.008927,-0.010938,0.0033079999999999997,0.013418000000000001,0.004157,0.000867,-0.01464,0.023422,0.034748,0.011665,0.018137999999999998,both
2020-05-08,0.016872,0.019075,-0.025275,-0.006533,-0.01772,-0.013306,0.00105,-0.004571,-0.010841,0.017963999999999997,-0.012698000000000001,0.057092,both
2020-05-11,0.000133,-0.004493,0.023563,0.018286,0.042623,0.018411,0.002375,0.020721,0.048079000000000004,-0.007809999999999999,0.009878,0.029932,both
2020-05-12,-0.0205,-0.018876,0.052872,0.052192999999999996,0.025273,0.019445,-0.000503,0.023549,0.020845,0.025911,0.024285,0.018430000000000002,both
2020-05-13,-0.017463,-0.021747,0.050025,0.018855,0.013565,0.008184,-0.001372,0.021023,-0.011307,0.011276000000000001,0.018796,0.010361,both
2020-05-14,0.011525,0.016232,-0.041662,-0.0361,-0.036889,-0.020765000000000002,0.005118,-0.026418,-0.008391,-0.026226,-0.025289,-0.03283,both
2020-05-15,0.003926,0.002543,0.005233,0.025838,0.018878,0.0056359999999999995,-0.0037630000000000003,0.002793,0.009294,0.004807,0.008846,0.023252000000000002,both
2020-05-18,0.031501,0.038502999999999996,0.00025299999999999997,-0.005006,0.031161,-0.005595,-0.005325,-0.001966,0.040496,-0.007638,0.004038,0.009556,both
2020-05-19,-0.010484,-0.015875999999999998,-0.02118,-0.015715,-0.015543000000000001,-0.011376,0.002941,-0.01182,0.007547,-0.026063,-0.026694,0.037877,both
2020-05-20,0.016651,0.015244999999999998,-0.046332,-0.048612,-0.045337,-0.030728,0.0030559999999999997,-0.009170999999999999,-0.081389,-0.046454,-0.03236,-0.05485,both
2020-05-21,-0.007774,-0.004142,0.011101,0.036449,0.032080000000000004,0.024725,0.000285,0.019316,0.068656,0.026739999999999996,0.034272000000000004,0.057834,both
2020-05-22,0.0023539999999999998,-0.000366,0.002909,0.0073620000000000005,-0.003089,-0.007422,0.003244,0.004343,-0.009152,0.002022,-0.003946,-0.028308,both
2020-05-26,0.012289,0.021661,0.039158,0.034477999999999995,0.017315999999999998,0.020013,0.006559000000000001,0.009654000000000001,0.032809,0.027726999999999998,0.033686,0.0055850000000000006,both
2020-05-27,0.014827000000000002,0.022131,0.037548000000000005,0.05255599999999999,0.034319999999999996,0.013838,-0.003386,0.0055780000000000005,0.169907,0.025208,0.020457,0.043458,both
2020-05-28,-0.0021079999999999996,-0.005778,-0.009094,0.003797,-0.001038,-0.011202,0.002199,0.00317,0.001564,-0.00526,-0.002373,-0.009628,both
2020-05-29,0.0048119999999999994,-0.0006900000000000001,0.027682,0.098201,0.041181,0.039688,-0.002942,0.032780000000000004,0.190195,0.055223,0.064636,0.045617000000000005,both
2020-06-01,0.003751,0.003621,-0.062698,-0.039567000000000005,-0.037714,-0.035601,-0.003593,-0.03249,-0.033412,-0.024668,-0.04575,0.0014140000000000001,both
2020-06-02,0.008211,0.010506,0.013318,0.029341000000000002,0.017756,0.0044340000000000004,0.0024879999999999998,0.00859,0.089005,0.012087,0.027206,0.023683000000000003,both
2020-06-03,0.013649000000000001,0.020481,0.014903999999999999,0.0010119999999999999,0.001167,0.006476000000000001,0.002503,0.018583000000000002,0.041679,0.018333000000000002,0.009851,-0.012851,both
2020-06-04,-0.0033689999999999996,0.000454,-0.013784999999999999,-0.01311,0.006997,-0.004342,0.000516,-0.013303,-0.039978,0.000275,-0.012269,-0.012537999999999999,both
2020-06-05,0.026212,0.031549,-0.0012259999999999999,0.002941,-0.008641,-0.004654999999999999,-0.0037119999999999996,-0.003467,0.006834999999999999,-0.013574000000000001,-0.0068260000000000005,-0.007953,both
2020-06-08,0.012042,0.017021,0.002478,-0.005678,0.002435,-0.008627,0.0013289999999999999,-0.005804999999999999,-0.034976,0.00073,-0.008705,-0.0017230000000000001,both
2020-06-09,-0.0077989999999999995,-0.010884999999999999,0.007595,0.010345,-0.001429,0.004579,-0.002026,0.0058390000000000004,0.0014869999999999998,0.007631000000000001,0.013253000000000001,-0.006706999999999999,both
2020-06-10,-0.005313,-0.010352,-0.055553,-0.06361900000000001,-0.063269,-0.06286599999999999,-0.000834,-0.051084,-0.09782,-0.080914,-0.06780800000000001,-0.101597,both
2020-06-11,-0.058944,-0.068982,0.017064,0.024991,0.022087,0.019786,0.002512,0.027732,0.055652999999999994,0.024537,0.030182,0.030149000000000002,both
2020-06-12,0.013061000000000001,0.018997,-0.000587,0.005961,0.009274,-0.0043159999999999995,-0.001034,0.005159,-0.006612000000000001,-0.004449,0.005945000000000001,0.005796,both
2020-06-15,0.008312,0.006156,0.00924,0.019516,0.002268,-0.009152,-0.001841,0.0032270000000000003,0.008751,0.00532,-0.000843,0.029185000000000003,both
2020-06-16,0.018962,0.020449000000000002,-0.006057,-0.005921,-0.001182,0.011165000000000001,3.9e-05,-0.0008039999999999999,0.055291,0.012314,0.003535,0.028393,both
2020-06-17,-0.0036,-0.00648,-0.007215999999999999,-0.003979,-0.011825,-0.012851,0.001645,-0.005231,-0.015231999999999999,-0.014518999999999999,-0.010725,0.001276,both
2020-06-18,0.000594,-0.001513,-0.013156000000000001,-0.021381999999999998,-0.018601,-0.021822,-0.008172,-0.014968,-0.031287,-0.019544,-0.020209,-0.021353,both
2020-06-19,-0.005649,-0.008,0.004772,0.009404000000000001,0.008831,0.009155,0.005086,0.004928,-0.003317,-0.001836,0.015628,0.022257,both
2020-06-22,0.006495,0.005933,-0.001975,0.006634,-0.0032,-0.003128,0.005124,0.0040420000000000005,-0.007894,0.004249,-0.000197,0.07572100000000001,both
2020-06-23,0.004307,0.005039,-0.03282,-0.034282,-0.024102000000000002,-0.023362,-0.002727,-0.021738999999999998,-0.004424,-0.031779,-0.030227999999999998,-0.01815,both
2020-06-24,-0.025855,-0.027150999999999998,-0.005239,-0.011994,-0.006492,-0.00381,-0.00020099999999999998,-0.00535,-0.010801,-0.0031829999999999996,-0.006542,0.020171,both
2020-06-25,0.010959,0.011776,-0.010998,-0.014065000000000001,-0.010895,-0.004897,-0.001146,-0.023997,-0.013833000000000002,-0.009922,0.017791,-0.027710000000000002,both
2020-06-26,-0.024227000000000002,-0.028356,-0.012825999999999999,-0.029207999999999998,-0.035809,-0.031861,0.0050799999999999994,-0.0195,-0.035774,-0.050839999999999996,-0.040748,-0.054318,both
2020-06-29,0.014686000000000001,0.023196,-0.005752,-0.008237999999999999,-0.005911,-0.011739,-0.002076,0.003026,-0.00899,-0.014233,-0.009156999999999998,-0.010555,both
2020-06-30,0.01541,0.008481,0.009885,0.021202000000000002,0.026981,0.006289,0.001657,0.014655000000000001,0.15445899999999999,0.007634,0.005582,0.028247,both
2020-07-01,0.0050219999999999996,-0.003018,-0.011369,-0.007448000000000001,-0.018382,0.0015140000000000002,0.014135,0.0029739999999999996,-0.016967,-0.006181,-0.00512,0.031577999999999995,both
2020-07-02,0.004541,0.00359,-0.003958,-0.01746,-0.015865999999999998,-0.005123,-0.015946000000000002,-0.01906,0.023451,-0.003334,-0.006764,-0.021138999999999998,both
2020-07-06,0.015882,0.017797999999999998,-0.01314,-0.010081,0.029051999999999998,-0.020046,-0.001029,0.181193,0.11721,-0.018563,-0.014677,0.06482,both
2020-07-07,-0.010819,-0.015097,0.019028,0.031766,0.027275999999999998,0.10771900000000001,0.000653,0.5372170000000001,0.105092,0.025653,0.043457,0.133543,both
2020-07-08,0.007826999999999999,0.006840000000000001,-0.015948,-0.014813999999999999,-0.019898,-0.008706,0.003215,-0.074316,-0.043223000000000004,-0.017984,-0.014674000000000001,-0.057354999999999996,both
2020-07-09,-0.005644,-0.013856,9.1e-05,-0.008357,0.022291,-0.020985,-0.0030800000000000003,-0.20059100000000002,-0.048088,-0.003917,-0.006541,0.0055969999999999995,both
2020-07-10,0.010466,0.014362999999999999,-0.004145,-0.006336,0.020909999999999998,0.012811000000000001,0.001066,0.08421100000000001,0.058301,-0.005288,0.00974,-0.003061,both
2020-07-13,-0.009363,0.00040300000000000004,-4.3e-05,0.0025329999999999997,-0.017744,0.001178,-0.0005059999999999999,0.036501,0.06288099999999999,-0.010415,-0.0026620000000000003,0.12825599999999998,both
2020-07-14,0.013406,0.021345,-0.00545,-0.007443000000000001,-0.027191000000000003,-0.008541,0.000398,-0.063449,-0.012079000000000001,-0.011897,-0.011961,0.066596,both
2020-07-15,0.009082,0.008539,-0.006593000000000001,-0.020059,-0.025432,-0.015538999999999999,0.000536,-0.029173,-0.034111,-0.014325,-0.028732999999999998,-0.035336,both
2020-07-16,-0.003406,-0.005039,0.0020989999999999997,-0.003714,-0.0034340000000000004,0.001201,-0.000364,0.022037,-0.027287,-0.005393,-0.0029170000000000003,-0.006874,both
2020-07-17,0.002849,-0.002348,0.0008359999999999999,0.011645,0.002443,0.026045,-0.0008210000000000001,0.134596,-7.3e-05,0.006486,0.012241,-0.03878,both
2020-07-20,0.008407,0.000334,0.022987,0.037533,0.013193999999999999,0.020111,-0.001707,0.020377000000000003,0.042748,0.030562,0.039077999999999995,0.001182,both
2020-07-21,0.001679,0.005979,0.016051,0.07009299999999999,0.021253,0.021881,0.0019850000000000002,-0.006051,0.007783,0.039784,0.030262999999999998,0.025461,both
2020-07-22,0.0057469999999999995,0.006164,0.005848,0.047669,0.032135000000000004,0.020832,-0.002689,0.0030440000000000003,-0.001202,-0.0047799999999999995,-0.0019149999999999998,0.054574,both
2020-07-23,-0.012320000000000001,-0.013090000000000001,-0.004611,0.016478,0.025684,-0.017001,0.000808,-0.022762,-0.01523,-0.008577,-0.014884,-0.056172,both
2020-07-24,-0.00619,-0.006845,0.014703,0.08896799999999999,0.032555,0.049268,-0.000932,0.0043479999999999994,0.17795,0.059417,0.104617,0.030364,both
2020-07-27,0.0073950000000000005,0.00434,-0.0071010000000000005,-0.015106,0.028196,0.02953,-0.00024300000000000002,0.013955,0.070815,0.07899099999999999,0.049578,0.018022,both
2020-07-28,-0.0064730000000000005,-0.00773,0.017195,0.004843,-0.013778,0.055680999999999994,0.001685,-0.001564,-0.058675,-0.000617,-0.007254999999999999,-0.014865,both
2020-07-29,0.012428,0.006076,0.000968,0.051528,0.005888,0.005854,-0.000675,0.012218000000000001,0.005069,0.013247,0.026664,0.042286000000000004,both
2020-07-30,-0.00375,-0.008513,0.019103,0.032781,0.03275,0.058816999999999994,-0.001719,-0.001857,-0.012731999999999999,0.028441,0.023922,0.047987,both
2020-07-31,0.007670999999999999,0.004358,0.038515,0.114729,0.041721,0.11828699999999999,-0.003128,0.143876,0.034402999999999996,0.058209000000000004,0.056813999999999996,0.068384,both
2020-08-03,0.007181,0.008933,-0.003597,0.009268,0.010318,-0.03048,-0.0010140000000000001,0.043081,0.041381,-0.027482,-0.016006,0.07169600000000001,both
2020-08-04,0.0036119999999999998,0.0061530000000000005,0.04829,0.030048000000000002,0.047285,0.009378000000000001,0.002689,-0.006222999999999999,-0.002259,0.021155,0.025684,-0.026782999999999998,both
2020-08-05,0.00643,0.013905,0.002788,-0.016506,-0.026935,0.0009,-0.002905,0.013378999999999999,0.009481999999999999,0.04847,0.002602,0.060832000000000004,both
2020-08-06,0.006428,0.006818,-0.015136000000000002,-0.039115,-0.017444,-0.029382,0.002671,-0.0075840000000000005,-0.033968,-0.017171000000000002,-0.032431,-0.0075829999999999995,both
2020-08-07,0.000633,0.001698,0.013151,0.03814,0.025394,-0.002179,-0.0026739999999999997,-0.006509999999999999,0.047616000000000006,0.0033619999999999995,0.015437000000000001,0.26093099999999997,both
2020-08-10,0.002742,0.013047999999999999,-0.039365,-0.039161,-0.060001,-0.03465,0.002629,-0.030008999999999997,-0.044621,-0.06490499999999999,-0.066942,-0.024927,both
2020-08-11,-0.007969,-0.003761,0.015285,0.027972000000000004,0.023263,0.001691,0.010062999999999999,0.026517000000000002,-0.000276,0.016471,0.010695999999999999,0.26824000000000003,both
2020-08-12,0.013996999999999999,0.010472,0.017195,0.096459,0.0149,0.045194,0.006332,0.009472,0.027999,0.041408999999999994,0.050442,0.042381999999999996,both
2020-08-13,-0.0020469999999999998,-0.0028640000000000002,-0.001296,0.020189,0.045038,0.00861,-0.018806,0.012511,-0.020581,-0.020427,-0.017113999999999997,-0.023062,both
2020-08-14,-0.000172,0.0012289999999999998,0.008227,-0.009243000000000001,-0.002082,-0.002364,8e-06,-0.006178,-0.00025299999999999997,0.032741,0.055938999999999996,0.128339,both
2020-08-17,0.00271,-0.003083,-0.021475,-0.013647,-0.01884,-0.036407999999999996,0.0026089999999999998,-0.021443,-0.024787,-0.041361,-0.022386,-0.027785,both
2020-08-18,0.002303,-0.0024,-0.019427,-0.040611,-0.032808,-0.043062,-0.00031099999999999997,-0.025612,-0.059319000000000004,-0.03773,-0.053762,-8.6e-05,both
2020-08-19,-0.004404,-0.0030670000000000003,0.010213,0.024543000000000002,0.035059,0.008017,-0.001994,0.010222,0.033781,0.007151,0.015517,-0.009156000000000001,both
2020-08-20,0.003159,0.0016920000000000001,-0.024068,-0.065588,-0.041727,-0.040643,0.004138,-0.019081,-0.07394400000000001,-0.035595999999999996,-0.056977999999999994,-0.14234000000000002,both
2020-08-21,0.0034409999999999996,0.0068709999999999995,0.007706,0.017241,0.005007999999999999,0.020891999999999997,-0.0035770000000000003,0.014440999999999999,0.01225,0.010778,0.015698,0.15646400000000002,both
2020-08-24,0.010043999999999999,0.013538,-0.03469,-0.059154,-0.050009,-0.03903,0.000388,-0.03306,-0.089936,-0.049864,-0.058179999999999996,-0.063658,both
2020-08-25,0.0035960000000000002,-0.00212,0.010754000000000001,0.006418999999999999,0.037342,-0.0015689999999999999,-0.0005110000000000001,-0.000605,0.017592,-0.004437,-0.0037979999999999997,0.072797,both
2020-08-26,0.010196,0.002955,-0.014359,-0.009918999999999999,0.036066,-0.046776,0.000352,-0.030275999999999997,-0.073392,-0.039869,-0.039706,-0.04944,both
2020-08-27,0.001673,0.00566,0.01935,0.034608,0.002299,0.028487000000000002,-0.00016999999999999999,0.020293000000000002,0.024611,0.016367,0.023436000000000002,0.045411,both
2020-08-28,0.006732999999999999,0.005672,-0.003087,0.010222,-0.005297,0.009009999999999999,0.000786,0.0042840000000000005,0.066321,0.000147,-0.001093,0.093099,both
2020-08-31,-0.002195,-0.007811,0.024798,0.09647,0.070239,0.049438,0.0007639999999999999,0.010865999999999999,0.022195,0.066207,0.028946,0.026292000000000003,both
2020-09-01,0.007525,0.0075840000000000005,-0.046485000000000005,-0.077584,-0.005307,-0.06505,-0.002121,-0.041155000000000004,-0.078127,-0.097708,-0.07606399999999999,-0.075929,both
2020-09-02,0.015366,0.015878,-0.102395,-0.123554,-0.16486099999999998,-0.10808399999999999,0.00366,-0.102498,-0.168312,-0.181949,-0.177721,-0.19337100000000002,both
2020-09-03,-0.035126,-0.027757999999999998,0.026014,0.006662,0.021155,0.037728,-0.0017989999999999998,0.034618,0.065426,0.073183,0.059401999999999996,0.039626999999999996,both
2020-09-04,-0.008133,-0.005635,-0.032558,-0.136464,-0.074911,-0.071091,-0.003522,-0.048637,-0.12223099999999999,-0.028350999999999998,-0.059722000000000004,-0.150597,both
2020-09-08,-0.027756,-0.022479,0.010939,0.040011,0.057785,0.012062999999999999,0.001076,0.008345,0.025689,0.009616,0.010845,0.050255,both
2020-09-09,0.020145,0.015984,0.011793000000000001,0.048395,0.001207,0.016364,-0.000644,0.009356,0.040782,0.013515000000000001,0.017102000000000003,0.01406,both
2020-09-10,-0.017585,-0.014527000000000002,0.0036450000000000002,0.017913,0.0363,-0.000977,5.9999999999999995e-05,0.000357,-0.001719,-0.009555,0.007654,-0.0039689999999999994,both
2020-09-11,0.000533,0.00476,0.003967,0.033326999999999996,0.12095299999999999,0.018587,-0.00021,0.004633,0.006279,0.021088,0.035189,0.0214,both
2020-09-14,0.012742,0.011845,0.010870999999999999,-0.032945999999999996,-0.127531,-0.010056,0.001196,0.010346,-0.033823,0.041389999999999996,-0.01426,-0.09418,both
2020-09-15,0.005219,8.1e-05,0.016482,0.002667,0.02802,0.016391,0.0009550000000000001,-0.0021190000000000002,-0.019744,-0.016373,-0.009437000000000001,-0.019706,both
2020-09-16,-0.004619,0.001314,-0.002361,0.063439,-0.034739,0.017539,-0.0015609999999999999,-0.004246,0.028009,0.006023,0.019686000000000002,0.021099,both
2020-09-17,-0.008412000000000001,-0.004652,-0.00040199999999999996,-0.011965,0.015054,-0.005896,-0.002372,-0.003554,-0.033285,0.004465,-0.008475,-0.08256000000000001,both
2020-09-18,-0.011183,-0.008765,0.013684,0.00307,-0.005415,0.004025,0.002516,-0.0035659999999999997,0.006324000000000001,-0.002478,0.004416,0.006509999999999999,both
2020-09-21,-0.011571,-0.018430000000000002,0.0072829999999999995,0.00795,0.035794,0.00551,-0.001813,0.009886,0.016487,0.03053,0.026614999999999996,0.000484,both
2020-09-22,0.010518000000000001,0.005175,-0.029662,-0.069426,-0.050955,-0.050381999999999996,0.001206,-0.034638999999999996,-0.060229,-0.053942,-0.033741,-0.12304200000000001,both
2020-09-23,-0.023721000000000003,-0.019241,0.050821,0.089746,0.07648200000000001,0.051254999999999995,-0.00027,0.031201,0.078941,0.040971,0.044583,0.279402,both
2020-09-24,0.002987,0.001955,-0.004026,0.008029999999999999,0.002288,0.03771,0.000262,0.023449,0.16905699999999999,-0.00015800000000000002,0.023303,0.089715,both
2020-09-25,0.015977,0.013369999999999998,0.004873,0.007961,0.063216,0.002332,4.5e-05,0.000739,-0.014022999999999999,0.024084,0.0026620000000000003,-0.035483999999999995,both
2020-09-28,0.016111,0.015092,0.011892,0.014122999999999998,0.069229,0.004495,-0.001498,0.008653000000000001,0.004370000000000001,0.012745000000000001,0.009441,-0.020003999999999997,both
2020-09-29,-0.0048130000000000004,-0.004764,-0.005642,0.000164,0.016572,-0.0034049999999999996,0.001374,-0.014547,9.9e-05,-0.004951,0.012823,-0.025074000000000003,both
2020-09-30,0.008254000000000001,0.011986,-0.015229,-0.018862999999999998,-0.063422,-0.016301,-0.0026,-0.01022,-0.032310000000000005,0.00025,-1.9e-05,-0.021325999999999998,both
2020-10-01,0.005293,0.001267,-0.003593,-0.018963999999999998,-0.005452,-0.017447999999999998,0.001991,-0.011855,-0.050726,-0.03493,-0.028162,-0.042947000000000006,both
2020-10-02,-0.009578,-0.0048200000000000005,-0.0018579999999999998,0.002277,0.034804,-0.0029760000000000003,0.000607,0.008126999999999999,0.008298,-0.002026,0.014975,0.007879,both
2020-10-05,0.017973,0.016827,-0.016877,-0.037417,-0.031110000000000002,-0.020072,0.00041500000000000006,-0.006470999999999999,-0.048911,-0.008733,-0.007667,-0.089738,both
2020-10-06,-0.013974,-0.013353,0.005411,0.003222,-0.0003,0.012938,-0.000932,-0.003831,0.011054000000000001,0.014117,0.014143000000000001,0.022944,both
2020-10-07,0.017397,0.019109,0.022894,0.027288,-0.000346,0.010336,0.00073,0.0011539999999999999,0.024549,0.046471,0.012077,0.06296399999999999,both
2020-10-09,0.008794,0.005678,0.034122,0.055517,0.020296,0.010631,-0.0007469999999999999,0.019977,0.09126000000000001,0.014443000000000001,0.035621,0.102351,both
2020-10-13,-0.006307,-0.005469,0.003981,0.011574,0.082525,-0.024523,0.000273,-0.013837,0.007123999999999999,0.08121,-0.017375,0.009376,both
2020-10-14,-0.006623,-0.0057810000000000005,0.005761,-0.005382,0.012414,-0.014062999999999999,-0.00021099999999999998,-0.016686000000000003,-0.00617,0.008688,-0.007144,-0.019303999999999998,both
2020-10-15,-0.0015279999999999998,-0.0006940000000000001,-0.015068999999999999,-0.029707,-0.041569999999999996,-0.022351,0.000251,0.007326999999999999,-0.02411,-0.042311,-0.03632,-0.011008,both
2020-10-16,0.000135,0.003935,0.0031780000000000003,0.0071730000000000006,0.008445999999999999,0.00203,-0.00035,-0.011868,0.019603,-0.016000999999999998,-0.013397,0.003105,both
2020-10-19,-0.01633,-0.014363999999999998,0.014844,-0.028422000000000003,-0.037481,-0.009720999999999999,0.000132,0.004247,-0.05689299999999999,-0.031368,-0.021786,-0.092565,both
2020-10-20,0.004727,0.004021,0.076144,0.062451,0.033638999999999995,0.033017000000000005,0.000848,0.01115,0.036031,0.064523,0.1274,0.093739,both
2020-10-21,-0.002196,-0.003461,0.011089,0.055032000000000005,0.029754000000000003,0.020635,-0.000742,0.009506,0.041295,0.030784,0.023036,0.105023,both
2020-10-22,0.005219,0.005418,-0.002649,-0.009682,-0.00079,-0.007508,-0.000434,-0.003013,-0.02251,0.014418,0.017901,0.0188,both
2020-10-23,0.0034460000000000003,-0.00099,0.013651,0.006567,-0.001474,0.006089,0.000252,-0.00037799999999999997,-7.4e-05,0.017784,0.06982200000000001,0.046676,both
2020-10-26,-0.01859,-0.022946,0.003382,-0.030351999999999997,0.034776,-0.01787,0.00023700000000000001,0.0098,-0.030597000000000003,-0.041674,-0.032876999999999997,-0.033894,both
2020-10-27,-0.003026,-0.008026,0.04428,0.025664,0.015541,0.016933,-0.000734,-0.0007469999999999999,-0.0026190000000000002,0.018311,0.018861000000000003,0.019232,both
2020-10-28,-0.035288,-0.034345999999999995,-0.028045,-0.037986,-0.040306,-0.027813,0.000117,-0.030631,-0.037442,0.014933000000000002,-0.035864,-0.042768,both
2020-10-29,0.011947,0.005247,0.012553,-0.004942,-0.017159999999999998,-0.014519999999999998,9e-06,-0.0053950000000000005,-0.036382,-0.00534,-0.017521000000000002,-0.017153,both
2020-10-30,-0.01213,-0.005908,0.008085,-0.010111,-0.044704,-0.01284,0.0005549999999999999,0.006587000000000001,-0.021043,-0.019576,-0.016996,-0.014787,both
2020-11-02,0.012318,0.015978,-0.013585,-0.033306999999999996,-0.020295,-0.018249,0.000144,-0.025174000000000002,-0.061652,-0.038706,-0.031844,-0.064061,both
2020-11-03,0.017799000000000002,0.020612000000000002,0.029505,0.011602,-0.036827,0.017369,2.8999999999999997e-05,0.004370000000000001,0.014011000000000001,-0.05075,4e-05,-0.038025,both
2020-11-04,0.022047,0.013378,0.013147,0.037512000000000004,0.002773,-0.007169,0.0005269999999999999,0.001978,0.02071,-0.012356,0.012625,0.00824,both
2020-11-05,0.019459999999999998,0.019482,0.10231900000000001,0.029655,0.027638,0.033571,-0.0006580000000000001,0.033162,0.017039,0.034907,0.076687,0.04947,both
2020-11-06,-0.000288,-0.002352,-0.000897,0.098177,0.048494999999999996,0.051547,-0.000124,0.054643,0.12486300000000002,0.032751,0.075882,0.102578,both
2020-11-09,0.0117,0.029466000000000003,-0.009512999999999999,-0.020707,-0.010143000000000001,-0.012565999999999999,-0.000193,-0.015124,-0.012155,-0.024812,-0.027699,-0.010690999999999999,both
2020-11-10,-0.0014,0.009018,-0.0027010000000000003,0.01242,0.006257,0.012614,0.00047400000000000003,0.031086000000000003,0.004557,-0.025113999999999997,-0.018977,0.038554000000000005,both
2020-11-11,0.007652,-0.000792,0.026842,0.029533999999999998,-0.008412000000000001,0.009247,-0.00014199999999999998,0.0058119999999999995,0.0015119999999999999,-0.000895,0.021939,-0.015066999999999999,both
2020-11-12,-0.009979,-0.010799,0.036621,-0.004222999999999999,-0.012211,-0.005292,-0.00047599999999999997,0.003611,-0.013588999999999999,0.010501,0.014288,-0.030007,both
2020-11-13,0.013609999999999999,0.013743,0.002548,0.029547000000000004,0.020546000000000002,0.04036,-0.000164,0.015113,0.017852,-0.002501,0.08435,0.03741,both
2020-11-16,0.011648,0.015964,0.047665,0.027663999999999998,0.016041,0.058885,-0.00023500000000000002,0.04,0.034586,0.03634,0.145253,0.038689,both
2020-11-17,-0.004792,-0.005579,0.055593,0.044397000000000006,0.016622,0.059148,0.00042800000000000005,0.017325,0.053765,0.020585,0.063456,0.051937,both
2020-11-18,-0.011564,-0.011581000000000001,0.008988,-0.0018239999999999999,-0.015927,-0.027069,-0.00044100000000000004,-0.009196,-0.029169999999999998,-0.031974,-0.028442000000000002,0.026295999999999996,both
2020-11-19,0.003946,0.0015220000000000001,0.000735,-0.016378999999999998,0.0006389999999999999,0.032438,0.00038199999999999996,0.000688,-0.005047,-0.003464,0.108403,0.002125,both
2020-11-20,-0.006793,-0.007453,0.045138,0.080814,0.028401,0.080002,-0.000354,0.025077000000000002,0.116751,0.051102,0.011012000000000001,0.033504,both
2020-11-23,0.0056359999999999995,0.011201000000000001,-0.00032,0.090286,0.034763,0.383773,0.0008900000000000001,0.095825,0.060445000000000006,0.125551,0.0766,0.057186,both
2020-11-24,0.016162,0.015375,0.040478,-0.007488,0.091644,0.12724000000000002,-0.00028399999999999996,0.152412,0.083467,0.069899,0.001865,0.022908,both
2020-11-25,-0.001584,-0.005783,-0.019644,-0.054995,-0.07278,-0.081809,0.000245,-0.11346300000000001,-0.067104,-0.094986,-0.082117,-0.08704500000000001,both
2020-11-27,0.002397,0.001269,-0.002462,-0.00252,0.009581999999999999,0.049246,-0.000833,0.007692,0.019865,-0.020537,-0.02458,-0.006768000000000001,both
2020-11-30,-0.004596,-0.009085,0.079678,0.067884,0.042339999999999996,0.095821,-0.000513,0.029872000000000003,0.028019,0.114424,0.105251,0.063765,both
2020-12-01,0.011271,0.006251,-0.041926,-0.044757,-0.040917,-0.077391,0.0009460000000000001,-0.060828,-0.089459,-0.089389,-0.024423,-0.058774,both
2020-12-02,0.001791,0.002007,0.021172,0.018777000000000002,0.006279,0.027687,-0.000651,0.011694,0.016502,0.021223,0.040039,0.044649,both
2020-12-03,-0.000624,0.002869,0.012724,0.030677999999999997,0.013436000000000002,0.0025239999999999998,0.000169,0.016005000000000002,0.035664999999999995,-0.006645999999999999,0.002729,-0.000904,both
2020-12-04,0.008836,0.0083,-0.038345,-0.07678600000000001,-0.053159000000000005,-0.11753399999999999,-0.000602,-0.037923,-0.097258,-0.039642000000000004,-0.10192999999999999,-0.088265,both
2020-12-07,-0.001936,-0.004913,-0.007934,-0.016723,-0.005507,-0.017612,-0.0006309999999999999,-0.013577,-0.029817000000000003,-0.008596,0.0008230000000000001,-0.030494999999999998,both
2020-12-08,0.002787,0.003462,-0.045357999999999996,-0.062543,-0.059289999999999995,-0.082272,-0.000865,-0.048773000000000004,-0.085655,-0.057579,-0.082218,-0.071496,both
2020-12-09,-0.007949,-0.003482,0.012705,0.033616,0.017838999999999997,0.044295999999999995,0.000678,-0.006606,0.051351999999999995,0.004340999999999999,0.00863,0.040152,both
2020-12-10,-0.001285,-0.002313,-0.015571999999999999,-0.024065,-0.015397,-0.018225,-0.000131,-0.016783000000000003,-0.04165,-0.010157,-0.033347,-0.056295000000000005,both
2020-12-11,-0.001265,0.00157,-0.011283,-0.024802,-0.012102,-0.046201,0.000205,-0.008374,-0.017922999999999998,-0.025001,-0.036646,-0.021984,both
2020-12-14,-0.004359,-0.006151,0.005447,-0.006193,0.031883999999999996,-0.026888,-2e-05,-0.007678,0.026162,0.004375,0.0044210000000000005,-0.008206999999999999,both
2020-12-15,0.012921,0.011311,0.008855,0.005707,-0.016061000000000002,-0.056261,0.000985,-0.007737999999999999,-0.023337,0.042817,-0.011686,-0.009517,both
2020-12-16,0.001773,-0.001483,0.097518,0.079453,0.031912,0.210594,-0.0009369999999999999,0.065502,0.086089,0.079837,0.139913,0.058685,both
2020-12-17,0.005758,0.004936,0.070132,0.010511,-0.010038,0.014155000000000001,-0.00014099999999999998,0.09192,-0.0245,-0.003588,0.088047,0.001193,both
2020-12-18,-0.003511,-0.004102000000000001,0.014593,0.018578,0.024988,0.013184,0.00103,0.034316,0.009206,0.007984999999999999,0.083449,0.0032719999999999997,both
2020-12-21,-0.003906,0.001239,-0.028718,-0.044608,-0.05535,-0.070342,0.000184,0.035026999999999996,-0.057609,-0.096713,-0.08425,-0.05570599999999999,both
2020-12-22,-0.002073,-0.00665,0.042974,0.041055,0.037603,-0.132502,-0.00018600000000000002,-0.058283,0.023078,0.029882,0.082615,0.036618,both
2020-12-23,0.000746,0.0038090000000000003,-0.022775999999999998,-0.080553,-0.071232,-0.42333999999999994,-0.000215,-0.164153,-0.126682,-0.153566,-0.10435699999999999,-0.153402,both
2020-12-24,0.0035369999999999998,0.002325,0.021281,0.047785,0.045106,0.30632800000000004,0.000505,0.21284499999999998,0.12089200000000001,0.080739,0.09574400000000001,0.068703,both
2020-12-28,0.008723,0.006758,0.030927,0.06995599999999999,0.069609,-0.123944,-0.000251,0.009675,0.144494,0.07070800000000001,0.019867,0.041112,both
2020-12-29,-0.002227,-0.002246,0.01025,0.001537,0.086715,-0.108873,-1.3000000000000001e-05,-0.023084,0.0873,-0.024859,-0.007763,-0.067883,both
2020-12-30,0.001342,0.002436,0.054034000000000006,0.027475,-0.020962,-0.041337,0.0016870000000000001,0.033437,-0.042276,0.016191999999999998,0.003296,-0.043968,both
2020-12-31,0.006439,0.006476000000000001,0.005574,-0.018381,-0.019934999999999998,0.037850999999999996,0.000323,0.009922,-0.014361,-0.043910000000000005,-0.036888,0.001507,both
2021-01-04,-0.014755,-0.0125,-0.024712,0.06635,-0.00541,0.047948000000000005,-0.000386,-0.00040899999999999997,0.096427,-0.032843000000000004,-0.033605,-0.005795000000000001,both
2021-01-05,0.007083,0.005549,0.063197,0.057461,0.019749,-0.041943,0.002074,0.015665000000000002,0.149278,0.029002999999999998,0.024465999999999998,0.071388,both
2021-01-06,0.00571,0.014405000000000001,0.083311,0.09736900000000001,0.010336,0.106483,-0.0006730000000000001,0.054939,0.28486300000000003,0.082703,0.065716,0.179877,both
2021-01-07,0.014846999999999999,0.006868000000000001,0.06915700000000001,0.015380000000000001,0.03044,0.299356,-0.001126,-0.069087,-0.09616799999999999,-0.010815,0.003544,-0.065478,both
2021-01-08,0.005492,0.001831,0.036233999999999995,-0.001208,-0.024262,-0.008503,-0.00035499999999999996,0.010675,0.018725,-0.018930000000000002,0.021601,-0.0464,both
2021-01-11,-0.006555,-0.0028710000000000003,-0.072733,-0.136345,-0.096049,-0.092453,0.000364,-0.10395499999999999,-0.096522,-0.20545,-0.18620599999999998,-0.104047,both
2021-01-12,0.00041600000000000003,0.001935,-0.046215,-0.042848000000000004,-0.006769,0.011139,-0.000173,-0.08738,0.041882,-0.061110000000000005,-0.047513,-0.044039999999999996,both
2021-01-13,0.0022760000000000002,-0.000265,0.10003200000000001,0.08367100000000001,0.053116,0.046066,-0.000397,0.06858500000000001,0.092703,0.10106,0.111474,0.144744,both
2021-01-14,-0.0037530000000000003,-0.0022199999999999998,0.050138,0.077572,0.041303,-0.033188999999999996,-0.001053,0.090645,-0.010245,0.061609000000000004,0.031632,0.11903,both
2021-01-15,-0.00719,-0.00572,-0.060274,-0.03826,-0.020929,-0.05088,0.0008820000000000001,-0.00298,-0.025342,-0.064104,-0.051596,0.16175499999999998,both
2021-01-19,0.008136,0.003773,-0.015295,0.095457,-0.056614,0.033518,-0.000368,-0.00796,-0.006168,0.001287,0.008829,-0.058185,both
2021-01-20,0.013936000000000002,0.008337,-0.014473,0.003614,-0.004175,0.007489,0.00025,-0.004177,0.01695,-0.022987,-0.023168,0.052649,both
2021-01-21,0.000317,-0.000397,-0.13283699999999998,-0.188605,-0.092968,-0.092986,-0.000989,-0.098675,-0.173644,-0.159694,-0.132047,-0.156659,both
2021-01-22,-0.003011,-0.005743,0.07072200000000001,0.10248199999999999,0.057231,0.014325999999999998,0.001655,0.04384,0.126908,0.05229299999999999,0.054851,0.173968,both
2021-01-25,0.003616,-0.001193,0.002385,-0.048286,-0.006157999999999999,-0.01616,-0.001444,-0.039418,-0.028244,-0.014316999999999998,-0.028506999999999998,-0.04703,both
2021-01-26,-0.001489,-0.000742,0.006286,0.024647,0.001707,-0.000974,0.0011099999999999999,-0.015269,0.0010119999999999999,-0.013274000000000001,-0.019563999999999998,-0.021846,both
2021-01-27,-0.025677999999999996,-0.020489,-0.065622,-0.076541,-0.016784999999999998,-0.062806,0.000682,-0.09364,-0.090502,-0.116843,-0.087609,-0.084923,both
2021-01-28,0.009761,0.009906,0.039992,0.03584,0.038008999999999994,0.021175,-0.000684,0.678027,0.064594,0.036420999999999995,0.062157000000000004,0.1231,both
2021-01-29,-0.019311000000000002,-0.020283000000000002,0.08426,0.06503400000000001,0.007033,0.096821,-0.000592,2.7564319999999998,0.044488,0.040083999999999995,0.033852999999999994,-0.037643,both
2021-02-01,0.016052,0.007647,0.012768,0.041106000000000004,0.16559100000000002,-0.24538200000000002,-0.00016299999999999998,-0.062399,0.165658,0.035647000000000005,0.018377,0.010674,both
2021-02-02,0.013897999999999999,0.015740999999999998,0.058834000000000004,0.10675599999999999,-0.010681999999999999,-0.006027,0.000782,-0.096201,0.060229,0.038962000000000004,0.079992,0.038266,both
2021-02-03,0.001009,0.0011769999999999999,0.055246,0.09617,0.023234,0.065589,-0.000413,0.17766500000000002,0.03555,0.034162,0.091961,0.057326999999999996,both
2021-02-04,0.010853,0.010814,-0.014571,-0.039826,0.070488,0.134588,-0.00020899999999999998,0.435587,-0.000791,-0.054011,-0.067243,-0.022896,both
2021-02-05,0.003897,0.002975,0.032991,0.077684,0.21315,0.008059,-0.000672,-0.119237,0.21952800000000003,0.060926999999999995,0.066856,0.0761,both
2021-02-08,0.007398999999999999,0.007625,0.18746500000000002,0.082014,0.16388599999999998,0.07116499999999999,-0.000167,0.000546,0.029058999999999998,0.086561,0.106385,0.026864999999999997,both
2021-02-09,-0.001114,-0.00031600000000000004,0.006162,0.012263,0.351587,0.054252999999999996,0.000188,-0.111069,0.030775999999999998,0.06166699999999999,0.089077,0.083992,both
2021-02-10,-0.00034500000000000004,0.001975,-0.033625,-0.013456999999999998,0.20239100000000002,0.06664099999999999,-0.000509,0.040331,0.322384,-0.036150999999999996,0.00032900000000000003,-0.026622000000000003,both
2021-02-11,0.001662,-0.000226,0.066591,0.022677000000000003,-0.040874,0.042392,-0.00035499999999999996,-0.044173000000000004,-0.00277,0.070246,0.012744,0.037776,both
2021-02-12,0.004711,0.0008810000000000001,-0.008443,0.033487,0.10056799999999999,0.159693,0.001325,0.00564,-0.002322,0.09036,0.06903,0.099249,both
2021-02-16,-0.0005690000000000001,0.002046,0.026172000000000004,0.000717,0.0037719999999999997,-0.051135,0.000153,-0.054266999999999996,0.011543000000000001,-0.007213,0.013798,-0.018493,both
2021-02-17,-0.00032,0.0028640000000000002,0.059941999999999995,0.037837,0.26614099999999996,0.028206000000000002,-3.3e-05,-0.077429,0.022928,0.0133,0.12551600000000002,0.008860999999999999,both
2021-02-18,-0.004416,-0.003786,-0.008998,0.048143,0.189849,-0.005796,-0.00035099999999999997,0.205869,0.026039,-0.014943000000000001,-0.042638,0.005726,both
2021-02-19,-0.001855,3.1e-05,0.08143099999999999,0.011724,0.697604,0.064958,0.000182,-0.07393200000000001,0.014801,0.021011000000000002,0.043225,0.070087,both
2021-02-22,-0.007732999999999999,0.000869,-0.057918,-0.079359,-0.089866,0.042258,-0.000221,-0.040282,-0.0012439999999999999,-0.109162,-0.084163,-0.076771,both
2021-02-23,0.001256,0.0004969999999999999,-0.099302,-0.118849,-0.13650199999999998,-0.171718,-7.900000000000001e-05,-0.117878,-0.131412,-0.185869,-0.149788,-0.18174200000000001,both
2021-02-24,0.011352,0.013461,0.018042,0.035901,0.101149,-0.003655,0.000725,0.19334500000000002,0.101547,0.026996,0.025113999999999997,0.08861799999999999,both
2021-02-25,-0.024479,-0.017516,-0.052538999999999995,-0.092754,-0.080489,-0.079071,-0.000608,-0.112952,0.02611,-0.057165999999999995,-0.013655,-0.121718,both
2021-02-26,-0.00475,-0.014956,-0.016012000000000002,-0.020106,-0.052186,-0.015244,-0.000155,0.006239,0.15011300000000002,-0.024955,-0.047533,0.02105,both
2021-03-01,0.023791,0.019499000000000002,0.09955,0.10498099999999999,0.214986,0.077818,-0.001702,0.053005,-0.01198,0.089227,0.06251699999999999,0.11934700000000001,both
2021-03-02,-0.008081,-0.004566,-0.025231,-0.046077999999999994,-0.059330999999999995,-0.023269,0.0006129999999999999,-0.006659999999999999,-0.051691999999999995,0.032064999999999996,0.015034,0.03275,both
2021-03-03,-0.013066,-0.003868,0.044632,0.055771,0.00655,0.030770999999999996,-0.000604,0.006566,-0.007334,0.012697,0.059892999999999995,0.051869000000000005,both
2021-03-04,-0.013416999999999998,-0.011063,-0.03912,-0.021537,-0.046232999999999996,0.080674,-0.000343,-0.010753,-0.083615,-0.031906,-0.039501,-0.075735,both
2021-03-05,0.019496,0.018502,0.007540000000000001,-0.005603,-0.015536000000000001,-0.058539999999999995,0.000745,-0.008772,0.048126999999999996,-0.015553,-0.0017289999999999999,0.005652,both
2021-03-08,-0.005359,0.00972,0.020307,0.06475,0.0005809999999999999,0.014415,0.00011399999999999999,0.188538,-0.013512,0.024843,0.0061259999999999995,0.110338,both
2021-03-09,0.014155000000000001,0.000953,0.049335000000000004,0.018161,0.221142,0.026164,0.000236,-0.063778,0.068966,0.030300999999999998,0.061013,-0.006275,both
2021-03-10,0.00603,0.014584999999999999,0.021603999999999998,-0.036874000000000004,-0.048065,-0.04696,-0.00014199999999999998,-0.034381,-0.050335000000000005,0.0033280000000000002,-0.015326,-0.049288,both
2021-03-11,0.010395,0.0058390000000000004,0.032077,0.015022999999999998,0.037346,-0.022035,5.6999999999999996e-05,-0.001536,-0.008998,0.005383,0.003658,0.0042899999999999995,both
2021-03-12,0.001015,0.009021,-0.008183,-0.02962,-0.09008200000000001,-0.026115,-0.00023999999999999998,-0.010176000000000001,-0.076144,-0.019219999999999998,0.097287,-0.05365399999999999,both
2021-03-15,0.006492,0.005333,-0.057250999999999996,-0.033895999999999996,-0.037697,-0.010306999999999998,0.000583,-0.025669,-0.024184,-0.06064,-0.06517300000000001,-0.045074,both
2021-03-16,-0.00157,-0.0038689999999999996,0.016057,0.008522,0.013508000000000001,0.057239,-0.00031600000000000004,0.026608,0.202618,0.008072,-0.001113,0.015483000000000002,both
2021-03-17,0.002879,0.00577,0.03637,0.009119,0.045541000000000005,0.021221,-0.000975,-0.016278,0.10919200000000001,0.024011,0.025006,0.110767,both
2021-03-18,-0.014761000000000002,-0.004636,-0.01719,-0.022262,-0.030202,0.0010630000000000001,0.0018440000000000002,-0.004683,-0.10130499999999999,-0.020501,-0.026839,-0.048531,both
2021-03-19,-0.000603,-0.007131,0.00843,0.019502000000000002,0.00899,-0.003696,0.0017050000000000001,0.016468,0.050980000000000004,0.010163,0.002625,0.013729,both
2021-03-22,0.007025,0.003164,-0.052052999999999995,-0.054179,-0.033924,0.057915999999999995,0.00053,-0.039697,-0.06665800000000001,-0.02511,-0.0476,-0.06404299999999999,both
2021-03-23,-0.007631000000000001,-0.009411,0.0038469999999999997,-0.007499,-0.0008230000000000001,0.012098000000000001,-0.000615,-0.025581,0.010522,0.005676,0.0016899999999999999,-0.017631,both
2021-03-24,-0.0054670000000000005,-9.499999999999999e-05,-0.035892,-0.050776999999999996,-0.022833000000000003,-0.12173699999999998,0.000106,-0.034618,-0.041505,-0.069985,-0.051971,-0.06915,both
2021-03-25,0.00524,0.006151,-0.020277,0.001221,-0.059899,0.058630999999999996,-0.000285,-0.004913,0.024718,-0.003814,-0.025858,0.025641000000000004,both
2021-03-26,0.016631,0.0139,0.0664,0.067372,0.08608099999999999,0.095763,0.000206,0.048671,0.102031,0.064235,0.064818,0.066363,both
2021-03-29,-0.000868,0.002978,0.053028,0.09145199999999999,0.156897,0.029238,0.00028900000000000003,0.0037619999999999997,0.018632,0.053282,0.062983,0.045212999999999996,both
2021-03-30,-0.0031579999999999998,-0.003148,1.9e-05,0.03918,-0.030064999999999998,0.012366,-0.000875,-0.004508,-0.016527,0.029448000000000002,0.004154,0.051859,both
2021-03-31,0.003622,-0.002583,0.0030039999999999997,0.030711000000000002,0.10974300000000001,0.00945,0.00044400000000000006,0.155227,-0.0033689999999999996,0.033908999999999995,0.033486,0.030052999999999996,both
2021-04-01,0.011825,0.0052049999999999996,0.004882,0.083928,0.011321,0.064349,0.00011200000000000001,-0.069725,0.006109000000000001,0.042818,0.044661,0.076076,both
2021-04-05,0.014438,0.01128,-0.014655000000000001,0.0049770000000000005,0.09739199999999999,0.19098099999999998,0.001426,0.07977100000000001,0.033809,0.029585000000000004,0.075071,0.074119,both
2021-04-06,-0.000974,-0.002892,-0.036833,-0.069535,-0.071686,-0.162999,0.000175,-0.084241,-0.06389,-0.073607,-0.076752,-0.10410699999999999,both
2021-04-07,0.001475,0.000479,0.04059,0.05961,0.115784,0.147323,-0.001685,0.041269,0.037686000000000004,0.046826,0.034542,0.050351,both
2021-04-08,0.004221,0.001713,-0.001354,-0.007883,0.08405900000000001,-0.030319,0.0009310000000000001,0.0035789999999999997,-0.013036,-0.018311,-0.022646,-0.033973,both
2021-04-09,0.00772,0.008865999999999999,0.026581,0.030806,0.042769,0.346362,-0.000628,0.035033,0.012643999999999999,0.060171,0.152157,0.008434,both
2021-04-12,-0.000196,-0.001633,0.060274,0.074712,-0.08206799999999999,0.22229200000000002,-0.000662,0.32045999999999997,0.07268200000000001,0.10681800000000001,0.091974,0.071022,both
2021-04-13,0.0032939999999999996,-0.002019,-0.006201,0.059115,1e-05,0.025215,0.002317,0.300412,0.030907,0.09618600000000001,0.04782,0.168292,both
2021-04-14,-0.0040880000000000005,0.001592,0.003237,0.0345,-0.012664,-0.039782,-0.000712,0.499436,0.01798,0.060403,0.024458,0.032094,both
2021-04-15,0.011094,0.009045000000000001,-0.027500999999999998,-0.034602999999999995,-0.05973099999999999,-0.11808199999999999,0.001467,1.007991,-0.043628,0.279326,0.08382,-0.015241,both
2021-04-16,0.0036090000000000002,0.004839,-0.014438,-0.035795,0.019985,0.001623,0.009164,-0.223295,-0.02264,-0.093936,-0.018843000000000002,-0.041079000000000004,both
2021-04-19,-0.005307,-0.0035979999999999996,0.013437000000000001,0.07571900000000001,0.16222,0.051903,7.3e-05,-0.21560100000000001,0.056741999999999994,0.052407,-0.0037329999999999998,0.085599,both
2021-04-20,-0.006802,-0.007522,-0.045454,0.014823,-0.069853,-0.062749,-6e-06,-0.039358,-0.046763,-0.02878,-0.008185,-0.06455,both
2021-04-21,0.009306,0.009343,-0.039769,0.016401,-0.073276,-0.105527,0.00015800000000000002,-0.14973699999999998,-0.049487,-0.065464,-0.02213,-0.033014999999999996,both
2021-04-22,-0.009211,-0.009415,-0.012916999999999998,-0.016621,0.040616,0.008604,7.2e-05,-0.047738,0.007572,-0.017833,-0.046307999999999995,-0.004965,both
2021-04-23,0.010929000000000001,0.00673,-0.020409,-0.064292,-0.057258,-0.10340899999999999,-0.00025299999999999997,0.08733300000000001,-0.047025,-0.08305599999999999,-0.068458,-0.11219200000000001,both
2021-04-26,0.001782,-0.001819,0.018721,0.050655,0.063401,0.023711000000000003,2e-05,0.005594,0.059082,0.045196,0.049499,0.047589,both
2021-04-27,-0.000215,9.9e-05,-0.0037869999999999996,0.031363,-0.01027,-0.030232,-1e-05,0.189185,0.02199,0.02476,-0.004418,-0.015954,both
2021-04-28,-0.0008460000000000001,-0.004842,-0.023157,0.003822,0.06589400000000001,0.030001,-8.6e-05,-0.057195,-0.020703,-0.032072,-0.011295,0.006189,both
2021-04-29,0.006763,0.007095999999999999,0.078332,0.0059229999999999994,0.040643,0.13743,4.3e-05,0.106145,0.033971,0.12804000000000001,0.060965,0.046193,both
2021-04-30,-0.007195,-0.005446,0.001348,0.062269000000000005,-0.0075840000000000005,0.037288,0.000102,0.164196,0.00045999999999999996,0.011732,0.020896,0.07836,both
